Date,Moon Az (deg),Moon Alt (deg),Moon Illum (0-1),Moon Dist (km),Sun Az (deg),Sun Alt (deg),Sun Dist (km)
2025-06-11,133.831354,27.202667,0.99699,396189.8,310.626812,-32.866947,151892389
2025-06-12,126.938999,17.548314,0.98167,394274.3,310.652182,-32.791774,151908602
2025-06-13,120.522710,7.641875,0.94662,392141.3,310.670634,-32.720183,151924341
2025-06-14,114.171518,-2.406804,0.89245,389808.4,310.682214,-32.652241,151939592
2025-06-15,107.498866,-12.493745,0.82060,387271.8,310.686970,-32.588014,151954334
2025-06-16,100.057808,-22.491880,0.73332,384526.2,310.684948,-32.527567,151968536
2025-06-17,91.238460,-32.207865,0.63376,381590.2,310.676197,-32.470967,151982161
2025-06-18,80.133004,-41.303549,0.52589,378529.5,310.660767,-32.418279,151995165
2025-06-19,65.442280,-49.154447,0.41456,375474.0,310.638713,-32.369568,152007498
2025-06-20,45.903523,-54.671848,0.30544,372622.7,310.610092,-32.324900,152019105
2025-06-21,22.255445,-56.436421,0.20478,370230.4,310.574970,-32.284342,152029932
2025-06-22,358.843990,-53.726136,0.11900,368576.3,310.533418,-32.247961,152039926
2025-06-23,339.669299,-47.333078,0.05392,367916.0,310.485514,-32.215825,152049043
2025-06-24,325.071569,-38.677809,0.01399,368427.5,310.431336,-32.188001,152057249
2025-06-25,313.707735,-28.872532,0.00146,370166.3,310.370970,-32.164559,152064525
2025-06-26,304.309185,-18.615486,0.01616,373042.2,310.304497,-32.145566,152070867
2025-06-27,295.994121,-8.336819,0.05565,376826.4,310.231998,-32.131085,152076286
2025-06-28,288.156556,1.688998,0.11591,381185.7,310.153551,-32.121175,152080806
2025-06-29,280.336438,11.277015,0.19216,385733.0,310.069231,-32.115888,152084457
2025-06-30,272.127597,20.286883,0.27957,390079.6,309.979111,-32.115270,152087275
2025-07-01,263.114950,28.583423,0.37371,393880.4,309.883262,-32.119359,152089299
2025-07-02,252.837927,35.995152,0.47071,396865.5,309.781754,-32.128190,152090564
2025-07-03,240.805353,42.269780,0.56727,398857.8,309.674654,-32.141789,152091110
2025-07-04,226.634260,47.040787,0.66042,399779.4,309.562028,-32.160180,152090971
2025-07-05,210.391720,49.852470,0.74747,399647.4,309.443939,-32.183382,152090181
2025-07-06,192.972718,50.309433,0.82573,398563.0,309.320451,-32.211409,152088772
2025-07-07,175.913679,48.305161,0.89251,396693.7,309.191621,-32.244271,152086773
2025-07-08,160.503692,44.100965,0.94507,394251.3,309.057506,-32.281973,152084212
2025-07-09,147.185459,38.161288,0.98075,391466.3,308.918161,-32.324517,152081112
2025-07-10,135.738249,30.950231,0.99719,388561.2,308.773636,-32.371902,152077491
2025-07-11,125.689078,22.843413,0.99256,385725.9,308.623978,-32.424123,152073360
2025-07-12,116.548264,14.128804,0.96593,383099.4,308.469230,-32.481172,152068724
2025-07-13,107.874809,5.035400,0.91745,380761.5,308.309432,-32.543040,152063578
2025-07-14,99.263653,-4.237202,0.84854,378737.2,308.144623,-32.609715,152057907
2025-07-15,90.305653,-13.491263,0.76186,377012.6,307.974839,-32.681184,152051686
2025-07-16,80.538049,-22.499503,0.66123,375559.2,307.800117,-32.757431,152044882
2025-07-17,69.396962,-30.961855,0.55144,374361.5,307.620496,-32.838441,152037453
2025-07-18,56.211337,-38.445711,0.43802,373438.5,307.436018,-32.924195,152029353
2025-07-19,40.363521,-44.327616,0.32701,372855.4,307.246728,-33.014676,152020532
2025-07-20,21.824388,-47.825874,0.22456,372719.2,307.052678,-33.109862,152010939
2025-07-21,1.871432,-48.284929,0.13654,373157.8,306.853924,-33.209735,152000531
2025-07-22,342.771030,-45.628915,0.06796,374287.7,306.650522,-33.314276,151989269
2025-07-23,326.170083,-40.443922,0.02248,376176.9,306.442532,-33.423463,151977126
2025-07-24,312.335920,-33.566529,0.00198,378813.0,306.230012,-33.537276,151964087
2025-07-25,300.746253,-25.717910,0.00641,382087.1,306.013018,-33.655690,151950153
2025-07-26,290.732246,-17.407766,0.03407,385796.3,305.791601,-33.778680,151935333
2025-07-27,281.721422,-8.970406,0.08200,389664.5,305.565812,-33.906212,151919651
2025-07-28,273.261700,-0.620644,0.14657,393376.1,305.335694,-34.038250,151903134
2025-07-29,264.983505,7.500554,0.22396,396613.1,305.101288,-34.174749,151885819
2025-07-30,256.555377,15.290366,0.31052,399090.8,304.862632,-34.315661,151867742
2025-07-31,247.645474,22.652945,0.40289,400585.5,304.619758,-34.460933,151848944
2025-08-01,237.892418,29.467884,0.49805,400955.8,304.372695,-34.610504,151829465
2025-08-02,226.896134,35.555196,0.59316,400153.9,304.121471,-34.764312,151809344
2025-08-03,214.260616,40.639105,0.68539,398230.2,303.866107,-34.922289,151788623
2025-08-04,199.747336,44.328809,0.77183,395329.9,303.606620,-35.084362,151767341
2025-08-05,183.562729,46.161815,0.84925,391682.2,303.343026,-35.250456,151745538
2025-08-06,166.577995,45.754322,0.91418,387581.4,303.075333,-35.420489,151723251
2025-08-07,150.066866,42.995405,0.96296,383359.2,302.803546,-35.594379,151700515
2025-08-08,135.025458,38.104066,0.99205,379350.3,302.527664,-35.772036,151677361
2025-08-09,121.782838,31.498292,0.99849,375854.4,302.247678,-35.953370,151653812
2025-08-10,110.148460,23.630534,0.98040,373100.0,301.963576,-36.138287,151629883
2025-08-11,99.710848,14.903459,0.93751,371219.8,301.675341,-36.326690,151605578
2025-08-12,90.017310,5.655425,0.87133,370242.5,301.382952,-36.518481,151580889
2025-08-13,80.627809,-3.825001,0.78520,370105.4,301.086387,-36.713558,151555795
2025-08-14,71.103108,-13.275367,0.68387,370683.4,300.785626,-36.911820,151530264
2025-08-15,60.966733,-22.428868,0.57308,371827.3,300.480653,-37.113162,151504260
2025-08-16,49.664543,-30.973134,0.45900,373399.4,300.171455,-37.317479,151477737
2025-08-17,36.562717,-38.496666,0.34777,375298.7,299.858026,-37.524667,151450651
2025-08-18,21.091797,-44.440332,0.24517,377470.1,299.540361,-37.734619,151422959
2025-08-19,3.203487,-48.126756,0.15626,379896.5,299.218463,-37.947231,151394622
2025-08-20,343.985724,-48.991132,0.08513,382579.5,298.892330,-38.162396,151365610
2025-08-21,325.457364,-46.951207,0.03468,385512.1,298.561967,-38.380010,151335903
2025-08-22,309.221011,-42.495025,0.00647,388653.6,298.227374,-38.599966,151305491
2025-08-23,295.669930,-36.351165,0.00071,391912.2,297.888550,-38.822156,151274373
2025-08-24,284.402249,-29.160825,0.01640,395139.1,297.545493,-39.046468,151242562
2025-08-25,274.812500,-21.375751,0.05163,398136.0,297.198198,-39.272790,151210078
2025-08-26,266.355130,-13.284619,0.10388,400672.7,296.846658,-39.501002,151176947
2025-08-27,258.589945,-5.064296,0.17033,402511.4,296.490863,-39.730984,151143203
2025-08-28,251.153722,3.177246,0.24814,403434.1,296.130802,-39.962609,151108882
2025-08-29,243.716285,11.367909,0.33455,403268.0,295.766461,-40.195749,151074025
2025-08-30,235.933784,19.442518,0.42690,401909.0,295.397825,-40.430271,151038673
2025-08-31,227.397045,27.310694,0.52255,399339.1,295.024876,-40.666040,151002869
2025-09-01,217.572885,34.812478,0.61873,395639.5,294.647594,-40.902915,150966659
2025-09-02,205.757575,41.650821,0.71234,390996.4,294.265958,-41.140757,150930090
2025-09-03,191.143978,47.298613,0.79979,385697.7,293.879946,-41.379418,150893208
2025-09-04,173.280056,50.937362,0.87689,380119.0,293.489531,-41.618750,150856062
2025-09-05,153.074002,51.631456,0.93898,374694.8,293.094685,-41.858601,150818697
2025-09-06,133.100957,48.883918,0.98127,369874.9,292.695374,-42.098818,150781154
2025-09-07,115.740370,43.027090,0.99948,366068.4,292.291561,-42.339241,150743469
2025-09-08,101.604069,34.887400,0.99071,363585.1,291.883207,-42.579711,150705667
2025-09-09,90.106420,25.280935,0.95420,362588.1,291.470270,-42.820066,150667759
2025-09-10,80.408619,14.831150,0.89170,363073.6,291.052710,-43.060141,150629742
2025-09-11,71.782571,3.986156,0.80733,364883.6,290.630493,-43.299772,150591599
2025-09-12,63.633467,-6.926552,0.70685,367750.1,290.203596,-43.538794,150553301
2025-09-13,55.425405,-17.650668,0.59683,371353.8,289.772002,-43.777041,150514811
2025-09-14,46.585352,-27.952751,0.48383,375381.9,289.335711,-44.014351,150476089
2025-09-15,36.393944,-37.561985,0.37384,379570.1,288.894728,-44.250563,150437093
2025-09-16,23.883619,-46.082791,0.27204,383723.2,288.449070,-44.485516,150397787
2025-09-17,7.909661,-52.877268,0.18267,387716.6,287.998762,-44.719055,150358139
2025-09-18,347.939219,-57.013854,0.10900,391480.2,287.543835,-44.951024,150318124
2025-09-19,325.772361,-57.616275,0.05340,394975.7,287.084328,-45.181272,150277726
2025-09-20,305.306977,-54.644714,0.01727,398170.3,286.620285,-45.409646,150236937
2025-09-21,288.945176,-48.987137,0.00113,401015.5,286.151756,-45.635997,150195758
2025-09-22,276.503334,-41.675779,0.00469,403432.2,285.678798,-45.860176,150154199
2025-09-23,266.891934,-33.426060,0.02696,405307.5,285.201475,-46.082033,150112276
2025-09-24,259.139172,-24.648831,0.06641,406499.4,284.719856,-46.301418,150070014
2025-09-25,252.557351,-15.564502,0.12119,406851.5,284.234017,-46.518183,150027442
2025-09-26,246.666115,-6.285217,0.18922,406213.2,283.744040,-46.732179,149984593
2025-09-27,241.099166,3.136977,0.26837,404462.4,283.250015,-46.943256,149941506
2025-09-28,235.527624,12.679568,0.35641,401530.6,282.752040,-47.151267,149898221
2025-09-29,229.586304,22.323684,0.45098,397425.9,282.250220,-47.356063,149854784
2025-09-30,222.774567,32.020884,0.54946,392253.0,281.744666,-47.557497,149811241
2025-10-01,214.282046,41.633155,0.64871,386228.0,281.235499,-47.755423,149767643
2025-10-02,202.657408,50.800920,0.74490,379683.7,280.722843,-47.949694,149724042
2025-10-03,185.368332,58.637201,0.83330,373060.6,280.206833,-48.140167,149680492
2025-10-04,159.841186,63.226845,0.90835,366878.0,279.687608,-48.326695,149637048
2025-10-05,130.049675,62.169898,0.96408,361681.1,279.165308,-48.509134,149593760
2025-10-06,106.095831,55.486125,0.99492,357966.3,278.640082,-48.687341,149550673
2025-10-07,90.202215,45.390113,0.99690,356097.6,278.112081,-48.861172,149507820
2025-10-08,79.500513,33.637024,0.96875,356237.6,277.581467,-49.030485,149465218
2025-10-09,71.656327,21.170557,0.91234,358317.5,277.048411,-49.195144,149422868
2025-10-10,65.346921,8.507479,0.83244,362058.6,276.513106,-49.355013,149380755
2025-10-11,59.798690,-4.047756,0.73554,367038.0,275.975761,-49.509967,149338853
2025-10-12,54.473323,-16.309268,0.62873,372773.1,275.436606,-49.659884,149297125
2025-10-13,48.875702,-28.155715,0.51862,378799.8,274.895890,-49.804654,149255533
2025-10-14,42.378603,-39.480221,0.41090,384727.3,274.353875,-49.944174,149214039
2025-10-15,33.948604,-50.117920,0.31015,390264.6,273.810838,-50.078352,149172610
2025-10-16,21.587287,-59.694027,0.21996,395222.3,273.267069,-50.207102,149131217
2025-10-17,1.505075,-67.244672,0.14310,399498.2,272.722866,-50.330349,149089837
2025-10-18,330.729361,-70.652985,0.08160,403053.0,272.178538,-50.448028,149048457
2025-10-19,299.118967,-68.158678,0.03692,405882.5,271.634403,-50.560079,149007066
2025-10-20,278.123488,-61.400561,0.00994,407992.6,271.090788,-50.666451,148965663
2025-10-21,265.596981,-52.701167,0.00101,409378.5,270.548024,-50.767103,148924255
2025-10-22,257.569592,-43.167884,0.00997,410012.4,270.006454,-50.861997,148882851
2025-10-23,251.913919,-33.230433,0.03620,409840.2,269.466421,-50.951106,148841471
2025-10-24,247.582495,-23.056172,0.07870,408786.5,268.928277,-51.034409,148800136
2025-10-25,244.016265,-12.703164,0.13616,406768.6,268.392377,-51.111891,148758877
2025-10-26,240.875353,-2.176191,0.20703,403716.3,267.859080,-51.183545,148717725
2025-10-27,237.911314,8.549344,0.28951,399596.0,267.328746,-51.249368,148676719
2025-10-28,234.888932,19.513362,0.38155,394437.3,266.801738,-51.309366,148635899
2025-10-29,231.505582,30.756941,0.48067,388358.3,266.278417,-51.363550,148595312
2025-10-30,227.240915,42.298347,0.58379,381587.3,265.759146,-51.411937,148555009
2025-10-31,220.939131,54.074029,0.68691,374474.9,265.244282,-51.454548,148515042
2025-11-01,209.253946,65.728382,0.78497,367489.9,264.734181,-51.491410,148475470
2025-11-02,179.861090,75.466995,0.87176,361190.8,264.229191,-51.522554,148436349
2025-11-03,120.911885,75.876635,0.94042,356166.6,263.729653,-51.548011,148397737
2025-11-04,88.614356,65.694614,0.98438,352948.9,263.235897,-51.567818,148359683
2025-11-05,76.272910,52.486766,0.99874,351911.1,262.748247,-51.582013,148322223
2025-11-06,70.036401,38.526740,0.98164,353186.5,262.267025,-51.590639,148285381
2025-11-07,66.154860,24.463763,0.93484,356635.5,261.792548,-51.593742,148249159
2025-11-08,63.376392,10.606554,0.86318,361878.4,261.325137,-51.591381,148213543
2025-11-09,61.160560,-2.873671,0.77338,368378.6,260.865117,-51.583618,148178508
2025-11-10,59.209919,-15.894906,0.67252,375543.5,260.412806,-51.570531,148144019
2025-11-11,57.302401,-28.438742,0.56706,382814.4,259.968523,-51.552204,148110036
2025-11-12,55.190852,-40.526973,0.46235,389725.3,259.532575,-51.528734,148076524
2025-11-13,52.461066,-52.197058,0.36257,395931.0,259.105262,-51.500227,148043449
2025-11-14,48.121540,-63.466649,0.27093,401209.0,258.686874,-51.466797,148010781
2025-11-15,38.656970,-74.217478,0.18995,405445.6,258.277687,-51.428566,147978496
2025-11-16,1.625803,-83.100792,0.12162,408611.7,257.877967,-51.385662,147946576
2025-11-17,278.821622,-80.580773,0.06755,410736.2,257.487967,-51.338221,147915007
2025-11-18,257.878576,-70.858681,0.02904,411878.7,257.107927,-51.286383,147883782
2025-11-19,251.333342,-60.363946,0.00706,412105.9,256.738077,-51.230292,147852897
2025-11-20,248.240887,-49.686802,0.00222,411473.0,256.378631,-51.170098,147822356
2025-11-21,246.481794,-38.908218,0.01476,410013.3,256.029792,-51.105954,147792166
2025-11-22,245.388327,-28.030886,0.04450,407735.1,255.691749,-51.038015,147762343
2025-11-23,244.685816,-17.032939,0.09085,404628.2,255.364679,-50.966440,147732904
2025-11-24,244.241670,-5.878437,0.15282,400678.7,255.048746,-50.891389,147703876
2025-11-25,243.985585,5.480057,0.22902,395890.5,254.744102,-50.813021,147675289
2025-11-26,243.879465,17.099805,0.31763,390311.8,254.450885,-50.731498,147647178
2025-11-27,243.905987,29.044793,0.41624,384062.9,254.169219,-50.646981,147619585
2025-11-28,244.068046,41.379932,0.52170,377361.8,253.899217,-50.559628,147592556
2025-11-29,244.405501,54.161653,0.62987,370539.5,253.640977,-50.469595,147566143
2025-11-30,245.088245,67.424343,0.73543,364039.6,253.394585,-50.377038,147540400
2025-12-01,247.418639,81.159932,0.83183,358391.4,253.160109,-50.282103,147515385
2025-12-02,58.731091,84.627770,0.91179,354150.3,252.937606,-50.184934,147491155
2025-12-03,63.215502,70.163770,0.96825,351809.4,252.727120,-50.085669,147467757
2025-12-04,64.322730,55.539828,0.99580,351698.9,252.528684,-49.984439,147445231
2025-12-05,65.122301,40.968191,0.99208,353905.9,252.342324,-49.881375,147423598
2025-12-06,65.887512,26.644620,0.95828,358246.4,252.168066,-49.776602,147402863
2025-12-07,66.701415,12.727221,0.89874,364300.6,252.005929,-49.670249,147383013
2025-12-08,67.613815,-0.683368,0.81963,371497.4,251.855932,-49.562444,147364021
2025-12-09,68.676277,-13.547557,0.72758,379214.1,251.718085,-49.453321,147345853
2025-12-10,69.963254,-25.877149,0.62867,386864.6,251.592389,-49.343013,147328469
2025-12-11,71.604356,-37.718791,0.52794,393957.2,251.478838,-49.231659,147311831
2025-12-12,73.861177,-49.134868,0.42934,400124.0,251.377412,-49.119397,147295901
2025-12-13,77.363673,-60.179154,0.33598,405125.7,251.288087,-49.006367,147280646
2025-12-14,84.100289,-70.837645,0.25034,408842.1,251.210826,-48.892708,147266037
2025-12-15,104.347465,-80.643362,0.17452,411252.1,251.145585,-48.778559,147252047
2025-12-16,188.596328,-83.580020,0.11040,412410.8,251.092316,-48.664058,147238654
2025-12-17,227.591337,-75.001898,0.05972,412423.7,251.050959,-48.549341,147225841
2025-12-18,237.468638,-64.699554,0.02408,411422.0,251.021451,-48.434543,147213593
2025-12-19,242.142828,-54.060344,0.00486,409541.3,251.003723,-48.319795,147201901
2025-12-20,245.171099,-43.232388,0.00316,406903.4,250.997699,-48.205229,147190760
2025-12-21,247.525057,-32.236896,0.01966,403605.6,251.003300,-48.090971,147180172
2025-12-22,249.588028,-21.067770,0.05454,399718.6,251.020442,-47.977147,147170145
2025-12-23,251.560011,-9.708716,0.10738,395293.0,251.049038,-47.863875,147160693
2025-12-24,253.581851,1.862840,0.17715,390375.0,251.088996,-47.751272,147151835
2025-12-25,255.793783,13.673246,0.26210,385029.7,251.140221,-47.639449,147143601
2025-12-26,258.389574,25.747185,0.35971,379367.4,251.202617,-47.528510,147136023
2025-12-27,261.715770,38.094647,0.46656,373569.8,251.276079,-47.418553,147129143
2025-12-28,266.545526,50.677924,0.57819,367906.6,251.360504,-47.309671,147123006
2025-12-29,275.106977,63.301938,0.68899,362737.9,251.455781,-47.201944,147117664
2025-12-30,296.600695,75.003686,0.79231,358490.5,251.561798,-47.095448,147113168
2025-12-31,1.283708,79.418069,0.88090,355607.7,251.678440,-46.990245,147109569
2026-01-01,45.716642,70.113438,0.94785,354474.3,251.805589,-46.886393,147106912
2026-01-02,59.823974,57.103890,0.98782,355333.5,251.943130,-46.783938,147105231
2026-01-03,66.637117,43.524325,0.99813,358222.7,252.090953,-46.682922,147104545
2026-01-04,71.064236,30.010528,0.97928,362950.5,252.248949,-46.583382,147104859
2026-01-05,74.513798,16.819691,0.93457,369125.2,252.417014,-46.485351,147106157
2026-01-06,77.552659,4.081099,0.86909,376221.9,252.595045,-46.388861,147108415
2026-01-07,80.486609,-8.152328,0.78854,383664.9,252.782933,-46.293944,147111597
2026-01-08,83.545252,-19.879755,0.69835,390902.3,252.980571,-46.200633,147115663
2026-01-09,86.977041,-31.131022,0.60319,397460.0,253.187843,-46.108957,147120571
2026-01-10,91.150531,-41.942950,0.50686,402972.5,253.404632,-46.018947,147126281
2026-01-11,96.755584,-52.324924,0.41246,407194.6,253.630819,-45.930633,147132752
2026-01-12,105.355546,-62.181196,0.32255,409999.6,253.866280,-45.844040,147139947
2026-01-13,121.173605,-71.043926,0.23941,411367.2,254.110891,-45.759195,147147832
2026-01-14,154.870841,-76.977987,0.16523,411367.8,254.364525,-45.676119,147156373
2026-01-15,201.716737,-75.684337,0.10220,410141.1,254.627055,-45.594835,147165540
2026-01-16,228.700908,-68.293770,0.05256,407874.4,254.898350,-45.515359,147175307
2026-01-17,241.685433,-58.725148,0.01850,404778.2,255.178281,-45.437709,147185649
2026-01-18,249.252313,-48.304401,0.00204,401064.1,255.466718,-45.361897,147196549
2026-01-19,254.495545,-37.400562,0.00483,396924.8,255.763528,-45.287935,147207993
2026-01-20,258.621743,-26.144314,0.02792,392521.1,256.068581,-45.215832,147219975
2026-01-21,262.200437,-14.595581,0.07154,387977.2,256.381745,-45.145592,147232497
2026-01-22,265.564443,-2.789298,0.13495,383386.1,256.702891,-45.077216,147245570
2026-01-23,268.969327,9.248435,0.21638,378825.8,257.031887,-45.010699,147259212
2026-01-24,272.689791,21.489793,0.31292,374381.5,257.368602,-44.946031,147273451
2026-01-25,277.135104,33.889064,0.42061,370170.6,257.712903,-44.883196,147288321
2026-01-26,283.099412,46.345134,0.53442,366361.4,258.064657,-44.822169,147303863
2026-01-27,292.523290,58.588353,0.64838,363179.3,258.423731,-44.762919,147320123
2026-01-28,311.341733,69.709861,0.75586,360893.9,258.789991,-44.705407,147337145
2026-01-29,354.848186,75.938036,0.85001,359784.0,259.163303,-44.649584,147354973
2026-01-30,42.732770,71.168565,0.92459,360085.6,259.543537,-44.595398,147373646
2026-01-31,64.300584,60.314377,0.97476,361935.4,259.930566,-44.542787,147393191
2026-02-01,74.648492,48.004816,0.99790,365324.6,260.324267,-44.491684,147413622
2026-02-02,80.977955,35.449926,0.99389,370081.4,260.724519,-44.442020,147434942
2026-02-03,85.578959,23.042399,0.96488,375885.3,261.131204,-44.393722,147457136
2026-02-04,89.350988,10.947639,0.91460,382308.9,261.544201,-44.346717,147480179
2026-02-05,92.735390,-0.768009,0.84753,388874.8,261.963387,-44.300930,147504039
2026-02-06,96.007322,-12.095286,0.76818,395110.6,262.388636,-44.256290,147528674
2026-02-07,99.397487,-23.059274,0.68067,400595.1,262.819817,-44.212723,147554043
2026-02-08,103.174697,-33.700810,0.58855,404989.7,263.256795,-44.170159,147580102
2026-02-09,107.756131,-44.055213,0.49483,408056.7,263.699433,-44.128524,147606806
2026-02-10,113.949975,-54.115524,0.40214,409666.1,264.147591,-44.087750,147634111
2026-02-11,123.653469,-63.734452,0.31294,409795.2,264.601125,-44.047763,147661975
2026-02-12,142.125026,-72.255282,0.22969,408520.4,265.059892,-44.008494,147690356
2026-02-13,180.768157,-77.070558,0.15500,406005.1,265.523742,-43.969872,147719213
2026-02-14,225.191427,-73.951449,0.09169,402481.5,265.992528,-43.931828,147748507
2026-02-15,248.157249,-65.466305,0.04280,398228.4,266.466096,-43.894292,147778201
2026-02-16,259.531079,-55.078814,0.01133,393544.9,266.944294,-43.857197,147808262
2026-02-17,266.383329,-43.837530,0.00004,388722.1,267.426967,-43.820476,147838664
2026-02-18,271.224055,-32.067153,0.01100,384016.9,267.913960,-43.784062,147869388
2026-02-19,275.069373,-19.912172,0.04518,379632.2,268.405117,-43.747891,147900425
2026-02-20,278.419810,-7.464387,0.10219,375707.7,268.900281,-43.711894,147931776
2026-02-21,281.585620,5.202799,0.18005,372324.7,269.399293,-43.676004,147963454
2026-02-22,284.828782,18.023155,0.27530,369523.7,269.901992,-43.640150,147995481
2026-02-23,288.470693,30.929083,0.38315,367328.5,270.408215,-43.604255,148027889
2026-02-24,293.068863,43.833541,0.49786,365772.2,270.917799,-43.568243,148060715
2026-02-25,299.916986,56.575807,0.61308,364913.5,271.430576,-43.532030,148093999
2026-02-26,313.065375,68.695791,0.72232,364838.9,271.946379,-43.495530,148127783
2026-02-27,348.909262,77.983188,0.81937,365648.9,272.465043,-43.458651,148162105
2026-02-28,51.711928,76.336674,0.89885,367429.0,272.986403,-43.421297,148196994
2026-03-01,78.860367,66.075750,0.95669,370215.8,273.510294,-43.383373,148232473
2026-03-02,89.504383,54.134597,0.99053,373966.4,274.036555,-43.344778,148268553
2026-03-03,95.287834,41.964832,0.99984,378540.6,274.565022,-43.305413,148305235
2026-03-04,99.151841,29.913578,0.98578,383702.0,275.095530,-43.265178,148342505
2026-03-05,102.094281,18.102330,0.95077,389137.2,275.627913,-43.223978,148380343
2026-03-06,104.548987,6.571098,0.89799,394486.2,276.161999,-43.181718,148418719
2026-03-07,106.747733,-4.684760,0.83091,399379.4,276.697613,-43.138309,148457595
2026-03-08,108.845738,-15.699471,0.75290,403471.7,277.234576,-43.093666,148496932
2026-03-09,110.982047,-26.527144,0.66707,406472.3,277.772704,-43.047706,148536686
2026-03-10,113.330749,-37.233193,0.57622,408166.8,278.311811,-43.000353,148576813
2026-03-11,116.188285,-47.884161,0.48293,408432.1,278.851709,-42.951533,148617267
2026-03-12,120.214614,-58.528823,0.38972,407245.6,279.392206,-42.901178,148658000
2026-03-13,127.392699,-69.135929,0.29923,404687.2,279.933109,-42.849224,148698965
2026-03-14,147.201647,-79.186149,0.21441,400935.9,280.474223,-42.795610,148740115
2026-03-15,224.602772,-82.845641,0.13861,396259.3,281.015351,-42.740282,148781400
2026-03-16,267.596063,-73.873061,0.07563,390994.4,281.556295,-42.683192,148822775
2026-03-17,278.635074,-62.254780,0.02951,385520.0,282.096859,-42.624296,148864196
2026-03-18,283.602183,-49.903979,0.00415,380220.4,282.636846,-42.563557,148905626
2026-03-19,286.589888,-37.097898,0.00276,375444.9,283.176059,-42.500944,148947035
2026-03-20,288.697639,-23.959247,0.02720,371469.3,283.714304,-42.436428,148988406
2026-03-21,290.343014,-10.590286,0.07738,368468.8,284.251387,-42.369988,149029735
2026-03-22,291.725684,2.911050,0.15112,366509.8,284.787114,-42.301602,149071030
2026-03-23,292.964428,16.455209,0.24422,365562.6,285.321291,-42.231251,149112314
2026-03-24,294.154792,29.967352,0.35103,365532.4,285.853723,-42.158915,149153617
2026-03-25,295.415504,43.390232,0.46512,366296.6,286.384216,-42.084573,149194976
2026-03-26,296.985678,56.681645,0.57988,367738.6,286.912576,-42.008203,149236430
2026-03-27,299.652869,69.803007,0.68909,369769.3,287.438612,-41.929782,149278018
2026-03-28,309.551215,82.634223,0.78725,372331.0,287.962137,-41.849285,149319773
2026-03-29,97.028190,84.024495,0.86983,375387.1,288.482966,-41.766688,149361723
2026-03-30,109.798044,71.633918,0.93350,378901.2,289.000917,-41.681966,149403887
2026-03-31,112.460973,59.298735,0.97617,382813.7,289.515810,-41.595097,149446275
2026-04-01,113.697787,47.178853,0.99704,387022.7,290.027468,-41.506061,149488889
2026-04-02,114.422883,35.299271,0.99647,391373.7,290.535713,-41.414839,149531721
2026-04-03,114.875485,23.664098,0.97581,395661.2,291.040372,-41.321420,149574753
2026-04-04,115.139198,12.261972,0.93707,399640.7,291.541267,-41.225796,149617964
2026-04-05,115.242054,1.066081,0.88267,403048.2,292.038226,-41.127966,149661322
2026-04-06,115.182617,-9.965393,0.81515,405624.5,292.531073,-41.027932,149704793
2026-04-07,114.933835,-20.887709,0.73705,407139.9,293.019638,-40.925705,149748338
2026-04-08,114.432541,-31.766815,0.65083,407417.3,293.503749,-40.821299,149791918
2026-04-09,113.544754,-42.675073,0.55889,406352.3,293.983239,-40.714735,149835486
2026-04-10,111.960054,-53.683541,0.46372,403930.1,294.457941,-40.606041,149878997
2026-04-11,108.792119,-64.841695,0.36805,400236.1,294.927694,-40.495247,149922402
2026-04-12,100.209460,-76.075477,0.27506,395461.6,295.392338,-40.382394,149965650
2026-04-13,44.445406,-85.342394,0.18854,389900.6,295.851718,-40.267526,150008689
2026-04-14,320.692616,-78.038049,0.11295,383935.5,296.305684,-40.150693,150051467
2026-04-15,309.013239,-65.727901,0.05327,378008.3,296.754092,-40.031955,150093933
2026-04-16,304.861990,-52.702308,0.01454,372577.6,297.196804,-39.911376,150136044
2026-04-17,302.491496,-39.253721,0.00110,368063.1,297.633689,-39.789028,150177762
2026-04-18,300.720396,-25.526760,0.01560,364788.7,298.064624,-39.664989,150219067
2026-04-19,299.124369,-11.662988,0.05833,362937.0,298.489491,-39.539340,150259950
2026-04-20,297.471247,2.194105,0.12682,362530.6,298.908172,-39.412166,150300420
2026-04-21,295.561650,15.910951,0.21624,363446.4,299.320557,-39.283553,150340500
2026-04-22,293.134537,29.372192,0.32026,365457.5,299.726535,-39.153584,150380225
2026-04-23,289.725630,42.474501,0.43198,368288.7,300.126000,-39.022340,150419631
2026-04-24,284.291975,55.087677,0.54478,371669.5,300.518849,-38.889899,150458760
2026-04-25,273.841161,66.900799,0.65281,375370.5,300.904985,-38.756337,150497649
2026-04-26,247.302805,76.589701,0.75122,379220.0,301.284315,-38.621728,150536332
2026-04-27,188.775076,78.321393,0.83620,383102.7,301.656753,-38.486143,150574836
2026-04-28,153.480840,70.397624,0.90489,386944.3,302.022215,-38.349655,150613181
2026-04-29,140.227861,59.890379,0.95536,390690.1,302.380622,-38.212335,150651381
2026-04-30,133.547366,48.911014,0.98655,394282.2,302.731899,-38.074257,150689440
2026-05-01,129.264623,37.886991,0.99819,397642.6,303.075972,-37.935496,150727358
2026-05-02,126.021872,26.937844,0.99074,400662.6,303.412774,-37.796129,150765125
2026-05-03,123.243319,16.099674,0.96521,403202.2,303.742238,-37.656236,150802726
2026-05-04,120.619142,5.375800,0.92306,405097.1,304.064302,-37.515899,150840141
2026-05-05,117.932778,-5.247415,0.86606,406174.0,304.378905,-37.375206,150877343
2026-05-06,114.979926,-15.792390,0.79614,406269.6,304.685991,-37.234244,150914302
2026-05-07,111.503702,-26.281312,0.71534,405253.0,304.985507,-37.093105,150950982
2026-05-08,107.099782,-36.719653,0.62585,403048.2,305.277405,-36.951885,150987345
2026-05-09,101.014280,-47.058089,0.53008,399655.3,305.561639,-36.810681,151023348
2026-05-10,91.625296,-57.087686,0.43080,395168.7,305.838168,-36.669594,151058944
2026-05-11,75.075949,-66.099338,0.33141,389789.3,306.106957,-36.528728,151094085
2026-05-12,44.150464,-71.827053,0.23606,383826.8,306.367975,-36.388191,151128716
2026-05-13,4.419639,-70.286308,0.14981,377689.1,306.621198,-36.248094,151162785
2026-05-14,338.162592,-62.109412,0.07843,371852.5,306.866611,-36.108552,151196238
2026-05-15,323.873854,-50.915952,0.02788,366811.3,307.104205,-35.969686,151229026
2026-05-16,314.991427,-38.439871,0.00336,363010.7,307.333981,-35.831618,151261113
2026-05-17,308.494559,-25.380343,0.00817,360774.9,307.555944,-35.694476,151292472
2026-05-18,303.041476,-12.127255,0.04280,360251.3,307.770107,-35.558388,151323098
2026-05-19,297.910912,1.035437,0.10460,361389.6,307.976480,-35.423484,151353001
2026-05-20,292.587899,13.876221,0.18839,363963.4,308.175077,-35.289890,151382207
2026-05-21,286.555752,26.192019,0.28754,367627.6,308.365910,-35.157726,151410751
2026-05-22,279.116885,37.770796,0.39508,371988.9,308.548994,-35.027109,151438675
2026-05-23,269.142684,48.309861,0.50465,376670.8,308.724346,-34.898148,151466021
2026-05-24,254.737589,57.240299,0.61083,381358.0,308.891984,-34.770946,151492829
2026-05-25,233.513859,63.428041,0.70930,385818.0,309.051929,-34.645603,151519134
2026-05-26,206.292137,65.236548,0.79668,389901.3,309.204203,-34.522215,151544967
2026-05-27,180.834611,62.150891,0.87034,393528.5,309.348830,-34.400875,151570351
2026-05-28,162.451637,55.678473,0.92836,396668.0,309.485835,-34.281676,151595306
2026-05-29,149.914248,47.474468,0.96934,399312.6,309.615246,-34.164705,151619844
2026-05-30,140.875681,38.452073,0.99245,401457.1,309.737090,-34.050053,151643971
2026-05-31,133.801371,29.040796,0.99733,403081.1,309.851396,-33.937808,151667689
2026-06-01,127.804618,19.447432,0.98415,404139.7,309.958194,-33.828056,151690991
2026-06-02,122.343728,9.778619,0.95352,404562.1,310.057515,-33.720885,151713868
2026-06-03,117.040381,0.094710,0.90646,404257.9,310.149389,-33.616381,151736304
2026-06-04,111.574077,-9.562670,0.84433,403131.8,310.233851,-33.514632,151758275
2026-06-05,105.605327,-19.149811,0.76880,401103.0,310.310935,-33.415724,151779757
2026-06-06,98.694428,-28.594631,0.68187,398128.1,310.380676,-33.319745,151800716
2026-06-07,90.185378,-37.750466,0.58591,394225.2,310.443114,-33.226780,151821115
2026-06-08,79.031857,-46.303837,0.48385,389495.7,310.498289,-33.136918,151840913
2026-06-09,63.658632,-53.594213,0.37935,384140.6,310.546245,-33.050244,151860062
2026-06-10,42.580648,-58.372056,0.27697,378466.0,310.587032,-32.966848,151878513
2026-06-11,17.265502,-59.006254,0.18227,372873.0,310.620703,-32.886818,151896210
