Game,Date,N1,N2,N3,N4,N5,N6
Grand Lotto 6/55,2025-06-11,25,32,46,44,26,36
Grand Lotto 6/55,2025-06-14,33,55,48,19,1,50
Grand Lotto 6/55,2025-06-16,36,32,28,14,49,45
Grand Lotto 6/55,2025-06-18,3,45,5,18,21,28
Grand Lotto 6/55,2025-06-21,5,8,22,6,2,45
Grand Lotto 6/55,2025-06-23,18,8,42,3,32,24
Grand Lotto 6/55,2025-06-25,1,7,2,11,41,37
Grand Lotto 6/55,2025-06-28,5,3,42,27,45,34
Grand Lotto 6/55,2025-06-30,3,54,24,36,18,46
Grand Lotto 6/55,2025-07-02,11,29,13,48,20,9
Grand Lotto 6/55,2025-07-05,42,55,49,29,3,36
Grand Lotto 6/55,2025-07-07,25,35,19,12,5,45
Grand Lotto 6/55,2025-07-09,52,13,40,27,5,11
Grand Lotto 6/55,2025-07-12,46,54,21,51,49,42
Grand Lotto 6/55,2025-07-14,1,2,31,13,14,44
Grand Lotto 6/55,2025-07-16,32,53,20,8,45,54
Grand Lotto 6/55,2025-07-19,35,49,44,53,16,31
Grand Lotto 6/55,2025-07-21,39,31,19,24,29,12
Grand Lotto 6/55,2025-07-23,11,32,16,9,4,24
Grand Lotto 6/55,2025-07-26,9,35,45,52,41,38
Grand Lotto 6/55,2025-07-28,12,13,55,2,30,14
Grand Lotto 6/55,2025-07-30,42,13,52,4,31,12
Grand Lotto 6/55,2025-08-02,1,53,46,52,8,18
Grand Lotto 6/55,2025-08-04,44,8,12,29,5,39
Grand Lotto 6/55,2025-08-06,17,25,4,11,37,52
Grand Lotto 6/55,2025-08-09,42,30,49,6,3,45
Grand Lotto 6/55,2025-08-11,40,17,12,29,11,48
Grand Lotto 6/55,2025-08-13,48,45,23,30,43,17
Grand Lotto 6/55,2025-08-16,7,45,32,42,6,28
Grand Lotto 6/55,2025-08-18,48,28,35,26,5,41
Grand Lotto 6/55,2025-08-20,9,45,21,39,14,6
Grand Lotto 6/55,2025-08-23,24,35,41,15,45,13
Grand Lotto 6/55,2025-08-25,11,17,38,1,7,49
Grand Lotto 6/55,2025-08-27,1,31,13,43,33,20
Grand Lotto 6/55,2025-08-30,2,40,31,17,43,10
Grand Lotto 6/55,2025-09-01,54,20,24,30,39,29
Grand Lotto 6/55,2025-09-03,43,9,41,18,48,27
Grand Lotto 6/55,2025-09-06,29,4,34,20,1,48
Grand Lotto 6/55,2025-09-08,14,45,24,55,44,16
Grand Lotto 6/55,2025-09-10,52,50,8,45,4,48
Grand Lotto 6/55,2025-09-13,39,33,30,53,1,23
Grand Lotto 6/55,2025-09-15,49,46,45,2,33,25
Grand Lotto 6/55,2025-09-17,41,44,40,9,26,49
Grand Lotto 6/55,2025-09-20,35,55,9,44,33,7
Grand Lotto 6/55,2025-09-22,27,31,15,36,23,54
Grand Lotto 6/55,2025-09-24,45,19,21,50,28,20
Grand Lotto 6/55,2025-09-27,2,21,32,37,45,30
Grand Lotto 6/55,2025-09-29,5,37,17,10,47,54
Grand Lotto 6/55,2025-10-01,46,34,13,20,1,17
Grand Lotto 6/55,2025-10-04,25,28,1,42,13,50
Grand Lotto 6/55,2025-10-06,21,27,51,19,14,53
Grand Lotto 6/55,2025-10-08,31,45,44,54,42,28
Grand Lotto 6/55,2025-10-11,15,37,17,26,6,40
Grand Lotto 6/55,2025-10-13,39,55,1,2,31,12
Grand Lotto 6/55,2025-10-15,22,46,24,4,23,38
Grand Lotto 6/55,2025-10-18,5,35,27,52,39,28
Grand Lotto 6/55,2025-10-20,50,51,18,12,15,23
Grand Lotto 6/55,2025-10-22,44,22,2,42,26,39
Grand Lotto 6/55,2025-10-25,49,8,12,29,22,18
Grand Lotto 6/55,2025-10-27,14,39,42,35,25,30
Grand Lotto 6/55,2025-10-29,41,3,49,48,13,19
Grand Lotto 6/55,2025-11-01,50,12,27,7,47,5
Grand Lotto 6/55,2025-11-03,42,41,21,5,45,11
Grand Lotto 6/55,2025-11-05,48,2,51,30,49,20
Grand Lotto 6/55,2025-11-08,3,32,7,37,42,21
Grand Lotto 6/55,2025-11-10,53,48,24,36,39,7
Grand Lotto 6/55,2025-11-12,10,13,16,36,5,12
Grand Lotto 6/55,2025-11-15,11,52,14,21,30,7
Grand Lotto 6/55,2025-11-17,5,44,40,12,50,22
Grand Lotto 6/55,2025-11-19,28,50,32,12,8,38
Grand Lotto 6/55,2025-11-22,3,40,11,53,39,26
Grand Lotto 6/55,2025-11-24,36,43,44,45,11,41
Grand Lotto 6/55,2025-11-26,24,42,33,19,6,20
Grand Lotto 6/55,2025-11-29,17,15,41,27,25,10
Grand Lotto 6/55,2025-12-01,38,41,42,2,5,49
Grand Lotto 6/55,2025-12-03,54,50,14,2,25,38
Grand Lotto 6/55,2025-12-06,52,8,35,37,42,32
Grand Lotto 6/55,2025-12-08,36,22,49,51,45,5
Grand Lotto 6/55,2025-12-10,53,30,6,17,11,45
Grand Lotto 6/55,2025-12-13,46,52,9,37,40,17
Grand Lotto 6/55,2025-12-15,25,54,15,38,45,28
Grand Lotto 6/55,2025-12-17,14,8,1,51,39,48
Grand Lotto 6/55,2025-12-20,5,45,3,35,49,42
Grand Lotto 6/55,2025-12-22,53,38,23,1,10,18
Grand Lotto 6/55,2025-12-24,18,13,39,51,19,21
Grand Lotto 6/55,2025-12-27,41,16,45,20,52,1
Grand Lotto 6/55,2025-12-29,44,25,14,52,45,38
Grand Lotto 6/55,2025-12-31,50,1,41,40,32,35
Grand Lotto 6/55,2026-01-03,13,42,6,45,24,33
Grand Lotto 6/55,2026-01-05,20,15,33,50,3,45
Grand Lotto 6/55,2026-01-07,34,41,44,37,38,19
Grand Lotto 6/55,2026-01-10,32,13,31,8,14,44
Grand Lotto 6/55,2026-01-12,47,43,36,9,7,11
Grand Lotto 6/55,2026-01-14,2,48,43,41,42,11
Grand Lotto 6/55,2026-01-17,40,7,49,19,34,23
Grand Lotto 6/55,2026-01-19,28,9,41,22,48,7
Grand Lotto 6/55,2026-01-21,34,28,48,25,55,3
Grand Lotto 6/55,2026-01-24,24,19,16,33,36,6
Grand Lotto 6/55,2026-01-26,19,1,37,7,41,51
Grand Lotto 6/55,2026-01-28,13,53,36,11,39,15
Grand Lotto 6/55,2026-01-31,54,37,20,15,21,10
Grand Lotto 6/55,2026-02-02,44,30,17,1,19,50
Grand Lotto 6/55,2026-02-04,45,49,33,43,38,54
Grand Lotto 6/55,2026-02-07,55,2,43,10,14,13
Grand Lotto 6/55,2026-02-09,44,39,47,31,26,2
Grand Lotto 6/55,2026-02-11,3,14,25,13,23,22
Grand Lotto 6/55,2026-02-14,42,41,48,24,22,44
Grand Lotto 6/55,2026-02-16,35,16,54,21,4,6
Grand Lotto 6/55,2026-02-18,14,28,37,41,10,51
Grand Lotto 6/55,2026-02-21,9,23,3,49,50,1
Grand Lotto 6/55,2026-02-23,20,23,5,35,33,45
Grand Lotto 6/55,2026-02-25,23,17,52,4,34,27
Grand Lotto 6/55,2026-02-28,14,51,28,6,27,8
Grand Lotto 6/55,2026-03-02,5,7,18,33,38,27
Grand Lotto 6/55,2026-03-04,33,13,44,50,47,42
Grand Lotto 6/55,2026-03-07,17,44,2,5,28,45
Grand Lotto 6/55,2026-03-09,38,32,8,20,19,9
Grand Lotto 6/55,2026-03-11,50,24,34,21,45,3
Grand Lotto 6/55,2026-03-14,24,33,48,42,5,22
Grand Lotto 6/55,2026-03-16,42,27,16,54,50,20
Grand Lotto 6/55,2026-03-18,5,6,15,53,17,55
Grand Lotto 6/55,2026-03-21,2,18,47,12,32,11
Grand Lotto 6/55,2026-03-23,43,33,10,26,42,14
Grand Lotto 6/55,2026-03-25,29,25,44,39,13,5
Grand Lotto 6/55,2026-03-28,1,18,51,19,21,5
Grand Lotto 6/55,2026-03-30,27,34,31,54,23,3
Grand Lotto 6/55,2026-04-01,32,42,17,55,50,19
Grand Lotto 6/55,2026-04-06,54,28,47,36,35,29
Grand Lotto 6/55,2026-04-08,23,24,9,40,13,17
Grand Lotto 6/55,2026-04-11,52,10,50,53,26,28
Grand Lotto 6/55,2026-04-13,51,54,39,50,24,40
Grand Lotto 6/55,2026-04-15,32,43,20,46,9,15
Grand Lotto 6/55,2026-04-18,4,25,9,54,15,31
Grand Lotto 6/55,2026-04-20,33,36,17,40,22,45
Grand Lotto 6/55,2026-04-22,30,43,51,44,46,32
Grand Lotto 6/55,2026-04-25,41,43,35,15,10,40
Grand Lotto 6/55,2026-04-27,43,19,20,12,21,51
Grand Lotto 6/55,2026-04-29,42,2,54,35,41,49
Grand Lotto 6/55,2026-05-02,48,33,17,2,37,10
Grand Lotto 6/55,2026-05-04,33,13,47,46,17,25
Grand Lotto 6/55,2026-05-06,5,40,27,24,55,22
Grand Lotto 6/55,2026-05-09,42,48,19,43,5,2
Grand Lotto 6/55,2026-05-11,40,52,32,46,20,7
Grand Lotto 6/55,2026-05-13,39,29,45,2,38,43
Grand Lotto 6/55,2026-05-16,9,6,19,46,39,48
Grand Lotto 6/55,2026-05-18,47,44,26,29,38,51
Grand Lotto 6/55,2026-05-20,41,8,45,27,9,10
Grand Lotto 6/55,2026-05-23,52,36,38,12,48,42
Grand Lotto 6/55,2026-05-25,48,42,23,18,55,33
Grand Lotto 6/55,2026-05-27,33,46,43,19,38,42
Grand Lotto 6/55,2026-05-30,19,37,21,39,9,22
Grand Lotto 6/55,2026-06-01,36,4,9,44,42,24
Grand Lotto 6/55,2026-06-03,19,42,53,2,46,3
Grand Lotto 6/55,2026-06-06,32,36,29,19,8,30
Grand Lotto 6/55,2026-06-08,50,43,24,1,7,15
Grand Lotto 6/55,2026-06-10,53,19,8,34,38,52
Lotto 6/42,2025-06-12,5,13,14,30,25,42
Lotto 6/42,2025-06-14,26,5,1,20,9,37
Lotto 6/42,2025-06-17,6,30,17,41,4,18
Lotto 6/42,2025-06-19,2,14,16,28,22,30
Lotto 6/42,2025-06-21,11,17,30,31,4,33
Lotto 6/42,2025-06-24,24,31,13,22,9,37
Lotto 6/42,2025-06-26,25,2,23,18,5,24
Lotto 6/42,2025-06-28,26,11,3,20,36,29
Lotto 6/42,2025-07-01,34,22,28,11,37,17
Lotto 6/42,2025-07-03,34,2,17,35,20,5
Lotto 6/42,2025-07-05,26,18,16,34,3,35
Lotto 6/42,2025-07-08,18,23,34,5,9,12
Lotto 6/42,2025-07-10,15,23,7,22,8,21
Lotto 6/42,2025-07-12,39,33,40,10,20,22
Lotto 6/42,2025-07-15,9,15,39,1,42,27
Lotto 6/42,2025-07-17,33,31,19,37,21,41
Lotto 6/42,2025-07-19,11,38,40,27,6,1
Lotto 6/42,2025-07-22,24,31,35,39,4,14
Lotto 6/42,2025-07-24,24,34,32,9,21,16
Lotto 6/42,2025-07-26,33,10,37,23,11,17
Lotto 6/42,2025-07-29,25,33,5,21,6,3
Lotto 6/42,2025-07-31,24,40,3,9,36,7
Lotto 6/42,2025-08-02,23,31,21,29,6,37
Lotto 6/42,2025-08-05,3,31,6,28,4,23
Lotto 6/42,2025-08-07,36,41,33,5,25,1
Lotto 6/42,2025-08-09,9,13,36,18,27,34
Lotto 6/42,2025-08-12,13,30,11,36,27,42
Lotto 6/42,2025-08-14,16,20,30,38,24,32
Lotto 6/42,2025-08-16,13,8,29,3,41,36
Lotto 6/42,2025-08-19,24,28,26,5,35,20
Lotto 6/42,2025-08-21,25,27,8,39,35,40
Lotto 6/42,2025-08-23,28,1,39,40,26,16
Lotto 6/42,2025-08-26,1,36,17,35,42,19
Lotto 6/42,2025-08-28,2,3,10,15,26,33
Lotto 6/42,2025-08-30,8,19,27,13,11,21
Lotto 6/42,2025-09-02,40,14,16,29,35,18
Lotto 6/42,2025-09-04,24,38,18,30,9,27
Lotto 6/42,2025-09-06,8,39,7,38,2,9
Lotto 6/42,2025-09-09,40,34,14,1,13,30
Lotto 6/42,2025-09-11,6,39,8,31,19,16
Lotto 6/42,2025-09-13,6,7,27,17,23,33
Lotto 6/42,2025-09-16,20,18,6,42,10,21
Lotto 6/42,2025-09-18,18,42,21,2,32,24
Lotto 6/42,2025-09-20,31,22,6,28,41,36
Lotto 6/42,2025-09-23,24,13,12,22,36,33
Lotto 6/42,2025-09-25,39,14,26,21,4,35
Lotto 6/42,2025-09-27,21,29,12,11,24,5
Lotto 6/42,2025-09-30,2,41,23,38,30,40
Lotto 6/42,2025-10-02,17,36,12,15,25,39
Lotto 6/42,2025-10-04,41,6,40,4,36,1
Lotto 6/42,2025-10-07,15,22,39,42,35,2
Lotto 6/42,2025-10-09,23,32,41,27,14,34
Lotto 6/42,2025-10-11,1,4,30,9,6,37
Lotto 6/42,2025-10-14,35,23,2,3,1,38
Lotto 6/42,2025-10-16,39,24,11,7,12,21
Lotto 6/42,2025-10-18,12,25,26,6,14,38
Lotto 6/42,2025-10-21,15,11,33,30,7,21
Lotto 6/42,2025-10-23,12,23,24,29,20,26
Lotto 6/42,2025-10-25,8,32,20,36,5,12
Lotto 6/42,2025-10-28,18,36,41,28,35,25
Lotto 6/42,2025-10-30,3,28,8,7,41,23
Lotto 6/42,2025-11-01,25,31,18,13,29,15
Lotto 6/42,2025-11-04,10,1,32,4,18,9
Lotto 6/42,2025-11-06,4,8,28,36,21,35
Lotto 6/42,2025-11-08,1,5,34,18,12,25
Lotto 6/42,2025-11-11,34,10,2,16,26,29
Lotto 6/42,2025-11-13,18,28,8,30,41,6
Lotto 6/42,2025-11-15,6,11,3,9,18,29
Lotto 6/42,2025-11-18,18,37,26,40,21,14
Lotto 6/42,2025-11-20,27,16,38,30,39,10
Lotto 6/42,2025-11-22,10,30,12,15,33,20
Lotto 6/42,2025-11-25,22,30,27,3,34,21
Lotto 6/42,2025-11-27,42,26,4,30,21,22
Lotto 6/42,2025-11-29,32,14,29,26,38,27
Lotto 6/42,2025-12-02,30,37,23,34,33,32
Lotto 6/42,2025-12-04,31,41,3,11,12,29
Lotto 6/42,2025-12-06,37,33,36,38,14,39
Lotto 6/42,2025-12-09,36,42,7,16,1,13
Lotto 6/42,2025-12-11,36,26,31,3,28,21
Lotto 6/42,2025-12-13,18,3,10,33,17,22
Lotto 6/42,2025-12-16,15,19,24,41,42,5
Lotto 6/42,2025-12-18,3,39,17,6,10,26
Lotto 6/42,2025-12-20,3,22,21,33,4,17
Lotto 6/42,2025-12-23,20,2,29,31,19,12
Lotto 6/42,2025-12-25,18,28,38,42,12,11
Lotto 6/42,2025-12-27,27,20,4,35,19,42
Lotto 6/42,2025-12-30,6,32,29,24,37,4
Lotto 6/42,2026-01-01,34,35,38,1,18,41
Lotto 6/42,2026-01-03,41,18,32,23,10,39
Lotto 6/42,2026-01-06,11,34,9,38,12,10
Lotto 6/42,2026-01-08,29,32,13,17,11,9
Lotto 6/42,2026-01-10,20,8,10,1,4,24
Lotto 6/42,2026-01-13,20,3,29,15,39,19
Lotto 6/42,2026-01-15,22,11,6,4,20,3
Lotto 6/42,2026-01-17,4,3,23,11,18,35
Lotto 6/42,2026-01-20,5,2,3,14,12,6
Lotto 6/42,2026-01-22,18,24,27,39,40,21
Lotto 6/42,2026-01-24,21,6,41,34,17,28
Lotto 6/42,2026-01-27,23,34,17,35,1,27
Lotto 6/42,2026-01-29,16,28,8,23,42,20
Lotto 6/42,2026-01-31,23,27,16,20,28,21
Lotto 6/42,2026-02-03,33,14,10,15,24,12
Lotto 6/42,2026-02-05,10,36,30,16,29,39
Lotto 6/42,2026-02-07,42,10,5,13,20,19
Lotto 6/42,2026-02-10,17,3,36,42,1,34
Lotto 6/42,2026-02-12,40,23,20,28,36,7
Lotto 6/42,2026-02-14,22,8,9,12,30,32
Lotto 6/42,2026-02-17,12,22,36,3,41,37
Lotto 6/42,2026-02-19,38,22,41,26,13,21
Lotto 6/42,2026-02-21,33,38,15,20,41,37
Lotto 6/42,2026-02-24,24,12,4,35,41,15
Lotto 6/42,2026-02-26,9,2,11,41,20,27
Lotto 6/42,2026-02-28,30,41,20,21,34,39
Lotto 6/42,2026-03-03,20,27,42,16,37,41
Lotto 6/42,2026-03-05,33,32,18,1,10,4
Lotto 6/42,2026-03-07,40,33,31,16,12,14
Lotto 6/42,2026-03-10,3,29,12,33,10,16
Lotto 6/42,2026-03-12,35,2,40,36,13,16
Lotto 6/42,2026-03-14,26,13,35,11,18,32
Lotto 6/42,2026-03-17,17,36,5,7,8,38
Lotto 6/42,2026-03-19,25,29,17,41,23,13
Lotto 6/42,2026-03-21,18,12,37,2,30,24
Lotto 6/42,2026-03-24,13,41,27,29,42,8
Lotto 6/42,2026-03-26,29,15,3,18,23,30
Lotto 6/42,2026-03-28,11,23,9,5,1,3
Lotto 6/42,2026-03-31,16,22,3,30,36,4
Lotto 6/42,2026-04-07,6,37,23,2,39,31
Lotto 6/42,2026-04-09,41,38,3,5,11,6
Lotto 6/42,2026-04-11,20,17,39,35,10,34
Lotto 6/42,2026-04-14,15,9,17,12,10,7
Lotto 6/42,2026-04-16,42,41,17,27,6,7
Lotto 6/42,2026-04-18,21,35,29,5,36,37
Lotto 6/42,2026-04-21,22,4,33,11,9,15
Lotto 6/42,2026-04-23,9,23,41,37,24,10
Lotto 6/42,2026-04-25,26,32,19,1,22,17
Lotto 6/42,2026-04-28,15,9,12,16,37,35
Lotto 6/42,2026-04-30,7,24,41,42,29,40
Lotto 6/42,2026-05-02,22,34,42,19,3,25
Lotto 6/42,2026-05-05,31,28,19,3,2,4
Lotto 6/42,2026-05-07,28,20,36,29,11,27
Lotto 6/42,2026-05-09,27,6,42,13,12,4
Lotto 6/42,2026-05-12,41,38,12,14,37,25
Lotto 6/42,2026-05-14,23,40,20,6,34,33
Lotto 6/42,2026-05-16,7,28,26,32,25,12
Lotto 6/42,2026-05-19,15,6,31,16,22,25
Lotto 6/42,2026-05-21,33,8,5,17,18,41
Lotto 6/42,2026-05-23,12,18,3,17,5,8
Lotto 6/42,2026-05-26,15,8,34,13,25,38
Lotto 6/42,2026-05-28,39,38,34,21,10,3
Lotto 6/42,2026-05-30,3,21,2,14,33,1
Lotto 6/42,2026-06-02,18,16,37,13,35,23
Lotto 6/42,2026-06-04,2,39,30,10,14,29
Lotto 6/42,2026-06-06,33,38,34,28,36,7
Lotto 6/42,2026-06-09,40,3,36,41,28,18
Mega Lotto 6/45,2025-06-11,14,39,10,17,44,41
Mega Lotto 6/45,2025-06-13,12,7,35,3,30,13
Mega Lotto 6/45,2025-06-16,8,22,20,41,29,42
Mega Lotto 6/45,2025-06-18,29,15,44,5,8,31
Mega Lotto 6/45,2025-06-20,23,4,5,6,24,44
Mega Lotto 6/45,2025-06-23,23,36,42,12,19,18
Mega Lotto 6/45,2025-06-25,36,13,27,43,34,24
Mega Lotto 6/45,2025-06-27,24,25,12,43,2,42
Mega Lotto 6/45,2025-06-30,25,17,19,7,8,35
Mega Lotto 6/45,2025-07-02,38,7,16,44,15,42
Mega Lotto 6/45,2025-07-04,18,29,41,40,10,24
Mega Lotto 6/45,2025-07-07,38,1,6,7,42,12
Mega Lotto 6/45,2025-07-09,22,44,37,15,28,24
Mega Lotto 6/45,2025-07-11,25,27,24,33,35,8
Mega Lotto 6/45,2025-07-14,34,28,8,35,32,11
Mega Lotto 6/45,2025-07-16,44,30,12,24,6,35
Mega Lotto 6/45,2025-07-18,5,9,38,3,16,17
Mega Lotto 6/45,2025-07-21,44,39,45,42,9,20
Mega Lotto 6/45,2025-07-23,37,4,23,35,13,7
Mega Lotto 6/45,2025-07-25,41,14,5,36,29,27
Mega Lotto 6/45,2025-07-28,16,29,19,14,35,31
Mega Lotto 6/45,2025-07-30,25,24,29,17,5,40
Mega Lotto 6/45,2025-08-01,25,4,10,44,32,33
Mega Lotto 6/45,2025-08-04,34,16,5,33,28,24
Mega Lotto 6/45,2025-08-06,2,35,37,10,44,24
Mega Lotto 6/45,2025-08-08,4,28,2,41,1,6
Mega Lotto 6/45,2025-08-11,40,10,16,28,7,9
Mega Lotto 6/45,2025-08-13,41,36,2,8,34,30
Mega Lotto 6/45,2025-08-15,7,13,3,17,12,23
Mega Lotto 6/45,2025-08-18,19,35,16,4,42,14
Mega Lotto 6/45,2025-08-20,43,38,30,11,2,14
Mega Lotto 6/45,2025-08-22,40,33,42,6,20,17
Mega Lotto 6/45,2025-08-25,40,5,16,3,20,27
Mega Lotto 6/45,2025-08-27,37,35,39,25,27,44
Mega Lotto 6/45,2025-08-29,31,7,33,12,36,20
Mega Lotto 6/45,2025-09-01,38,3,36,15,27,33
Mega Lotto 6/45,2025-09-03,10,39,43,33,14,9
Mega Lotto 6/45,2025-09-05,4,34,31,25,18,41
Mega Lotto 6/45,2025-09-08,39,28,8,44,34,31
Mega Lotto 6/45,2025-09-10,3,5,20,42,31,38
Mega Lotto 6/45,2025-09-12,27,2,45,37,36,10
Mega Lotto 6/45,2025-09-15,20,9,21,30,43,44
Mega Lotto 6/45,2025-09-17,17,9,6,38,16,36
Mega Lotto 6/45,2025-09-19,3,40,39,41,26,33
Mega Lotto 6/45,2025-09-22,45,8,39,35,26,24
Mega Lotto 6/45,2025-09-24,42,10,32,15,29,23
Mega Lotto 6/45,2025-09-26,10,36,19,24,6,15
Mega Lotto 6/45,2025-09-29,30,20,23,40,12,14
Mega Lotto 6/45,2025-10-01,17,1,45,15,35,29
Mega Lotto 6/45,2025-10-03,42,6,1,25,17,34
Mega Lotto 6/45,2025-10-06,45,26,18,38,17,40
Mega Lotto 6/45,2025-10-08,25,28,42,17,1,22
Mega Lotto 6/45,2025-10-10,17,1,13,14,42,33
Mega Lotto 6/45,2025-10-13,38,19,16,35,18,41
Mega Lotto 6/45,2025-10-15,34,11,8,39,1,38
Mega Lotto 6/45,2025-10-17,1,25,43,18,6,23
Mega Lotto 6/45,2025-10-20,20,6,40,24,29,41
Mega Lotto 6/45,2025-10-22,5,25,10,4,8,42
Mega Lotto 6/45,2025-10-24,8,25,41,32,34,1
Mega Lotto 6/45,2025-10-27,17,9,40,21,4,3
Mega Lotto 6/45,2025-10-29,24,29,36,9,38,43
Mega Lotto 6/45,2025-10-31,8,27,45,42,33,15
Mega Lotto 6/45,2025-11-03,1,32,41,43,21,45
Mega Lotto 6/45,2025-11-05,28,9,45,34,25,32
Mega Lotto 6/45,2025-11-07,24,28,36,42,34,8
Mega Lotto 6/45,2025-11-10,38,27,17,23,31,6
Mega Lotto 6/45,2025-11-12,14,26,31,36,25,45
Mega Lotto 6/45,2025-11-14,22,14,16,23,36,4
Mega Lotto 6/45,2025-11-17,28,31,4,16,24,41
Mega Lotto 6/45,2025-11-19,27,33,24,29,13,5
Mega Lotto 6/45,2025-11-21,19,2,41,24,4,39
Mega Lotto 6/45,2025-11-24,25,14,28,17,20,41
Mega Lotto 6/45,2025-11-26,29,22,25,37,41,34
Mega Lotto 6/45,2025-11-28,1,5,37,31,18,19
Mega Lotto 6/45,2025-12-01,22,7,1,12,28,37
Mega Lotto 6/45,2025-12-03,1,45,31,5,29,19
Mega Lotto 6/45,2025-12-05,13,3,45,42,21,4
Mega Lotto 6/45,2025-12-08,4,10,30,19,8,38
Mega Lotto 6/45,2025-12-10,30,42,15,25,40,28
Mega Lotto 6/45,2025-12-12,27,10,24,6,25,20
Mega Lotto 6/45,2025-12-15,10,21,23,30,1,15
Mega Lotto 6/45,2025-12-17,36,27,7,4,35,14
Mega Lotto 6/45,2025-12-19,7,43,35,44,33,41
Mega Lotto 6/45,2025-12-22,4,41,15,16,14,36
Mega Lotto 6/45,2025-12-24,27,24,12,18,42,3
Mega Lotto 6/45,2025-12-26,36,20,18,32,6,24
Mega Lotto 6/45,2025-12-29,5,35,19,38,34,8
Mega Lotto 6/45,2025-12-31,11,20,17,22,8,26
Mega Lotto 6/45,2026-01-02,44,21,19,10,18,11
Mega Lotto 6/45,2026-01-05,9,2,3,27,21,45
Mega Lotto 6/45,2026-01-07,6,3,7,24,21,9
Mega Lotto 6/45,2026-01-09,43,35,18,16,25,13
Mega Lotto 6/45,2026-01-12,9,5,11,21,6,2
Mega Lotto 6/45,2026-01-14,43,5,10,3,16,4
Mega Lotto 6/45,2026-01-16,42,31,6,10,40,37
Mega Lotto 6/45,2026-01-19,3,15,41,10,43,17
Mega Lotto 6/45,2026-01-21,28,12,2,15,23,13
Mega Lotto 6/45,2026-01-23,16,1,31,27,4,43
Mega Lotto 6/45,2026-01-26,25,22,24,42,4,33
Mega Lotto 6/45,2026-01-28,27,35,9,8,4,3
Mega Lotto 6/45,2026-01-30,4,3,8,42,40,33
Mega Lotto 6/45,2026-02-02,25,6,21,1,28,10
Mega Lotto 6/45,2026-02-04,3,12,31,43,22,11
Mega Lotto 6/45,2026-02-06,38,35,2,44,22,39
Mega Lotto 6/45,2026-02-09,4,14,30,20,18,13
Mega Lotto 6/45,2026-02-11,17,15,32,45,40,12
Mega Lotto 6/45,2026-02-13,45,8,43,3,6,32
Mega Lotto 6/45,2026-02-16,21,17,10,6,3,34
Mega Lotto 6/45,2026-02-18,35,5,45,4,38,23
Mega Lotto 6/45,2026-02-20,2,31,14,20,28,17
Mega Lotto 6/45,2026-02-23,39,40,30,4,17,22
Mega Lotto 6/45,2026-02-25,40,3,25,15,22,2
Mega Lotto 6/45,2026-02-27,39,30,26,29,43,15
Mega Lotto 6/45,2026-03-02,12,25,45,40,33,27
Mega Lotto 6/45,2026-03-04,8,28,18,6,35,42
Mega Lotto 6/45,2026-03-06,33,37,2,27,4,31
Mega Lotto 6/45,2026-03-09,23,24,3,38,4,21
Mega Lotto 6/45,2026-03-11,19,36,10,23,31,20
Mega Lotto 6/45,2026-03-13,32,5,14,42,41,37
Mega Lotto 6/45,2026-03-16,45,34,6,14,24,8
Mega Lotto 6/45,2026-03-18,10,34,1,12,45,41
Mega Lotto 6/45,2026-03-20,31,28,19,25,4,3
Mega Lotto 6/45,2026-03-23,24,43,28,8,4,27
Mega Lotto 6/45,2026-03-25,17,24,15,29,10,5
Mega Lotto 6/45,2026-03-27,19,38,36,31,27,2
Mega Lotto 6/45,2026-03-30,3,27,24,7,43,13
Mega Lotto 6/45,2026-04-01,20,11,17,16,3,37
Mega Lotto 6/45,2026-04-06,13,33,37,10,44,19
Mega Lotto 6/45,2026-04-08,22,25,37,15,5,28
Mega Lotto 6/45,2026-04-10,16,19,9,7,5,44
Mega Lotto 6/45,2026-04-13,39,19,26,17,2,44
Mega Lotto 6/45,2026-04-15,27,21,26,37,39,43
Mega Lotto 6/45,2026-04-17,41,12,32,8,30,24
Mega Lotto 6/45,2026-04-20,34,12,29,8,27,17
Mega Lotto 6/45,2026-04-22,10,37,11,43,18,15
Mega Lotto 6/45,2026-04-24,41,15,38,11,33,43
Mega Lotto 6/45,2026-04-27,6,4,5,27,34,11
Mega Lotto 6/45,2026-04-29,27,35,23,22,43,33
Mega Lotto 6/45,2026-05-01,19,8,23,41,4,11
Mega Lotto 6/45,2026-05-04,34,28,21,41,8,5
Mega Lotto 6/45,2026-05-06,1,3,24,18,11,10
Mega Lotto 6/45,2026-05-08,4,32,23,12,22,9
Mega Lotto 6/45,2026-05-11,19,21,39,41,38,44
Mega Lotto 6/45,2026-05-13,31,33,45,29,16,23
Mega Lotto 6/45,2026-05-15,12,27,42,33,15,1
Mega Lotto 6/45,2026-05-18,39,24,7,4,37,23
Mega Lotto 6/45,2026-05-20,16,45,11,32,23,37
Mega Lotto 6/45,2026-05-22,27,9,42,37,34,3
Mega Lotto 6/45,2026-05-25,21,13,43,28,5,17
Mega Lotto 6/45,2026-05-27,23,8,9,36,43,18
Mega Lotto 6/45,2026-05-29,27,45,38,35,25,10
Mega Lotto 6/45,2026-06-01,28,38,41,35,40,5
Mega Lotto 6/45,2026-06-03,23,45,6,18,4,2
Mega Lotto 6/45,2026-06-05,1,38,18,42,4,44
Mega Lotto 6/45,2026-06-08,20,27,43,15,4,14
Mega Lotto 6/45,2026-06-10,14,45,44,42,28,20
Super Lotto 6/49,2025-06-12,7,14,16,8,46,6
Super Lotto 6/49,2025-06-15,35,32,19,14,12,43
Super Lotto 6/49,2025-06-17,27,19,8,21,46,24
Super Lotto 6/49,2025-06-19,19,33,26,18,17,39
Super Lotto 6/49,2025-06-22,11,38,21,22,28,36
Super Lotto 6/49,2025-06-24,40,12,36,15,8,13
Super Lotto 6/49,2025-06-26,25,8,5,27,18,16
Super Lotto 6/49,2025-06-29,5,32,25,46,6,14
Super Lotto 6/49,2025-07-01,19,15,17,25,20,47
Super Lotto 6/49,2025-07-03,27,42,48,46,45,44
Super Lotto 6/49,2025-07-06,23,13,30,28,9,36
Super Lotto 6/49,2025-07-08,38,3,16,23,48,26
Super Lotto 6/49,2025-07-10,7,3,25,13,44,8
Super Lotto 6/49,2025-07-13,4,46,25,11,3,7
Super Lotto 6/49,2025-07-15,8,7,13,23,30,29
Super Lotto 6/49,2025-07-17,29,8,4,37,14,2
Super Lotto 6/49,2025-07-20,27,13,12,29,44,34
Super Lotto 6/49,2025-07-22,28,42,45,17,8,14
Super Lotto 6/49,2025-07-24,47,42,29,31,48,8
Super Lotto 6/49,2025-07-27,1,33,34,11,39,22
Super Lotto 6/49,2025-07-29,47,34,6,30,15,21
Super Lotto 6/49,2025-07-31,47,11,6,28,37,1
Super Lotto 6/49,2025-08-03,29,43,37,10,25,26
Super Lotto 6/49,2025-08-05,43,38,39,6,11,49
Super Lotto 6/49,2025-08-07,49,47,16,41,20,15
Super Lotto 6/49,2025-08-10,10,34,6,30,44,24
Super Lotto 6/49,2025-08-12,35,44,21,16,27,34
Super Lotto 6/49,2025-08-14,34,36,28,22,48,19
Super Lotto 6/49,2025-08-17,4,22,44,34,30,33
Super Lotto 6/49,2025-08-19,17,27,21,30,15,12
Super Lotto 6/49,2025-08-21,36,15,47,10,1,41
Super Lotto 6/49,2025-08-24,24,8,15,45,43,46
Super Lotto 6/49,2025-08-26,25,16,31,27,46,35
Super Lotto 6/49,2025-08-28,16,49,14,17,22,6
Super Lotto 6/49,2025-08-31,23,32,45,5,18,43
Super Lotto 6/49,2025-09-02,38,11,16,31,21,7
Super Lotto 6/49,2025-09-04,2,32,17,6,10,4
Super Lotto 6/49,2025-09-07,45,21,49,10,26,5
Super Lotto 6/49,2025-09-09,32,22,8,29,15,5
Super Lotto 6/49,2025-09-11,24,2,44,45,28,11
Super Lotto 6/49,2025-09-14,40,41,8,26,45,10
Super Lotto 6/49,2025-09-16,34,37,41,48,46,33
Super Lotto 6/49,2025-09-18,45,3,18,25,23,36
Super Lotto 6/49,2025-09-21,7,40,3,27,35,46
Super Lotto 6/49,2025-09-23,25,41,8,16,14,38
Super Lotto 6/49,2025-09-25,31,6,7,25,27,46
Super Lotto 6/49,2025-09-28,19,42,12,8,22,4
Super Lotto 6/49,2025-09-30,45,44,8,23,21,2
Super Lotto 6/49,2025-10-02,26,6,28,41,46,25
Super Lotto 6/49,2025-10-05,14,13,16,42,21,7
Super Lotto 6/49,2025-10-07,27,30,45,10,5,23
Super Lotto 6/49,2025-10-09,22,48,20,36,10,8
Super Lotto 6/49,2025-10-12,28,11,16,36,4,13
Super Lotto 6/49,2025-10-14,41,1,32,26,38,49
Super Lotto 6/49,2025-10-16,41,2,38,37,22,44
Super Lotto 6/49,2025-10-19,42,28,39,29,26,10
Super Lotto 6/49,2025-10-21,31,4,36,27,2,39
Super Lotto 6/49,2025-10-23,25,14,26,40,4,22
Super Lotto 6/49,2025-10-26,22,18,42,21,31,38
Super Lotto 6/49,2025-10-28,12,7,37,28,23,48
Super Lotto 6/49,2025-10-30,10,45,3,19,4,13
Super Lotto 6/49,2025-11-02,33,26,37,24,36,45
Super Lotto 6/49,2025-11-04,6,10,38,47,8,44
Super Lotto 6/49,2025-11-06,47,48,1,16,11,41
Super Lotto 6/49,2025-11-09,37,31,6,26,29,14
Super Lotto 6/49,2025-11-11,4,25,20,14,12,5
Super Lotto 6/49,2025-11-13,47,29,45,48,26,46
Super Lotto 6/49,2025-11-16,1,7,32,17,34,38
Super Lotto 6/49,2025-11-18,37,32,43,20,34,44
Super Lotto 6/49,2025-11-20,49,19,28,40,43,9
Super Lotto 6/49,2025-11-23,30,22,47,23,18,12
Super Lotto 6/49,2025-11-25,27,18,13,7,16,49
Super Lotto 6/49,2025-11-27,3,16,7,35,42,38
Super Lotto 6/49,2025-11-30,6,32,3,21,10,7
Super Lotto 6/49,2025-12-02,9,14,48,17,44,26
Super Lotto 6/49,2025-12-04,35,24,16,26,44,28
Super Lotto 6/49,2025-12-07,48,43,36,10,26,44
Super Lotto 6/49,2025-12-09,9,34,32,1,42,30
Super Lotto 6/49,2025-12-11,34,45,48,31,30,44
Super Lotto 6/49,2025-12-14,42,43,37,9,45,36
Super Lotto 6/49,2025-12-16,10,30,13,19,32,26
Super Lotto 6/49,2025-12-18,17,32,7,25,45,21
Super Lotto 6/49,2025-12-21,24,49,6,21,4,33
Super Lotto 6/49,2025-12-23,12,10,41,16,4,27
Super Lotto 6/49,2025-12-25,44,3,29,45,34,16
Super Lotto 6/49,2025-12-28,14,21,39,34,1,18
Super Lotto 6/49,2025-12-30,8,5,36,24,29,39
Super Lotto 6/49,2026-01-01,23,30,19,18,41,21
Super Lotto 6/49,2026-01-04,35,19,13,39,23,24
Super Lotto 6/49,2026-01-06,48,33,27,18,5,36
Super Lotto 6/49,2026-01-08,9,11,30,12,24,26
Super Lotto 6/49,2026-01-11,32,26,12,22,30,36
Super Lotto 6/49,2026-01-13,15,28,26,6,27,25
Super Lotto 6/49,2026-01-15,14,24,10,5,15,11
Super Lotto 6/49,2026-01-18,35,32,20,37,5,19
Super Lotto 6/49,2026-01-20,5,15,23,2,3,4
Super Lotto 6/49,2026-01-22,10,26,24,36,1,48
Super Lotto 6/49,2026-01-25,42,44,23,3,31,26
Super Lotto 6/49,2026-01-27,41,23,26,33,10,20
Super Lotto 6/49,2026-01-29,10,34,7,15,5,31
Super Lotto 6/49,2026-02-01,8,10,15,25,21,2
Super Lotto 6/49,2026-02-03,39,15,2,12,7,18
Super Lotto 6/49,2026-02-05,12,42,17,49,16,36
Super Lotto 6/49,2026-02-08,14,39,4,34,11,9
Super Lotto 6/49,2026-02-10,28,3,27,34,30,20
Super Lotto 6/49,2026-02-12,2,37,24,21,36,40
Super Lotto 6/49,2026-02-15,27,48,40,3,25,15
Super Lotto 6/49,2026-02-17,17,45,15,49,26,40
Super Lotto 6/49,2026-02-19,9,31,40,34,42,43
Super Lotto 6/49,2026-02-22,14,17,5,2,43,16
Super Lotto 6/49,2026-02-24,20,6,42,13,47,28
Super Lotto 6/49,2026-02-26,22,44,13,30,26,46
Super Lotto 6/49,2026-03-01,19,23,6,17,12,37
Super Lotto 6/49,2026-03-03,2,44,13,29,8,41
Super Lotto 6/49,2026-03-05,23,37,48,44,39,25
Super Lotto 6/49,2026-03-08,32,14,13,7,15,26
Super Lotto 6/49,2026-03-10,42,46,32,19,44,16
Super Lotto 6/49,2026-03-12,38,34,3,1,10,41
Super Lotto 6/49,2026-03-15,23,9,25,32,22,24
Super Lotto 6/49,2026-03-17,33,9,22,37,44,25
Super Lotto 6/49,2026-03-19,21,20,32,4,43,13
Super Lotto 6/49,2026-03-22,31,16,45,10,47,32
Super Lotto 6/49,2026-03-24,31,16,32,19,45,26
Super Lotto 6/49,2026-03-26,46,4,19,25,33,2
Super Lotto 6/49,2026-03-29,15,9,33,18,22,6
Super Lotto 6/49,2026-03-31,22,42,18,28,8,17
Super Lotto 6/49,2026-04-05,39,30,18,29,44,42
Super Lotto 6/49,2026-04-07,25,4,46,44,28,36
Super Lotto 6/49,2026-04-09,10,27,28,2,14,6
Super Lotto 6/49,2026-04-12,49,29,7,26,43,48
Super Lotto 6/49,2026-04-14,23,47,11,35,38,20
Super Lotto 6/49,2026-04-16,27,35,24,31,9,34
Super Lotto 6/49,2026-04-19,16,43,21,35,14,37
Super Lotto 6/49,2026-04-21,45,10,36,43,13,19
Super Lotto 6/49,2026-04-23,11,35,40,1,18,8
Super Lotto 6/49,2026-04-26,44,48,9,33,1,34
Super Lotto 6/49,2026-04-28,27,9,34,5,16,42
Super Lotto 6/49,2026-04-30,40,41,24,23,46,42
Super Lotto 6/49,2026-05-03,37,35,44,47,43,14
Super Lotto 6/49,2026-05-05,44,3,8,31,6,49
Super Lotto 6/49,2026-05-07,47,11,24,33,48,2
Super Lotto 6/49,2026-05-10,3,16,11,4,14,38
Super Lotto 6/49,2026-05-12,24,15,6,44,40,23
Super Lotto 6/49,2026-05-14,4,25,24,12,19,43
Super Lotto 6/49,2026-05-17,27,14,46,18,11,17
Super Lotto 6/49,2026-05-19,49,35,44,4,14,5
Super Lotto 6/49,2026-05-21,9,28,21,2,37,23
Super Lotto 6/49,2026-05-24,33,24,12,13,4,9
Super Lotto 6/49,2026-05-26,10,49,30,21,48,45
Super Lotto 6/49,2026-05-28,39,40,1,47,29,17
Super Lotto 6/49,2026-05-31,18,21,7,43,11,3
Super Lotto 6/49,2026-06-02,36,27,5,14,40,8
Super Lotto 6/49,2026-06-04,27,3,2,11,16,25
Super Lotto 6/49,2026-06-07,41,31,44,25,42,33
Super Lotto 6/49,2026-06-09,43,22,15,4,3,17
Ultra Lotto 6/58,2025-06-13,50,57,12,23,39,5
Ultra Lotto 6/58,2025-06-15,28,52,43,50,2,18
Ultra Lotto 6/58,2025-06-17,45,1,19,9,44,11
Ultra Lotto 6/58,2025-06-20,23,27,51,38,20,22
Ultra Lotto 6/58,2025-06-22,34,54,23,58,15,7
Ultra Lotto 6/58,2025-06-24,30,20,31,12,3,23
Ultra Lotto 6/58,2025-06-27,9,23,57,1,15,39
Ultra Lotto 6/58,2025-06-29,14,36,17,22,34,29
Ultra Lotto 6/58,2025-07-01,34,24,41,48,37,36
Ultra Lotto 6/58,2025-07-04,16,15,57,42,41,47
Ultra Lotto 6/58,2025-07-06,23,35,4,14,15,16
Ultra Lotto 6/58,2025-07-08,24,33,27,7,52,30
Ultra Lotto 6/58,2025-07-11,12,29,41,24,25,38
Ultra Lotto 6/58,2025-07-13,12,57,41,18,33,17
Ultra Lotto 6/58,2025-07-15,22,38,36,8,16,41
Ultra Lotto 6/58,2025-07-18,19,16,1,54,12,46
Ultra Lotto 6/58,2025-07-20,32,20,23,44,39,9
Ultra Lotto 6/58,2025-07-22,42,49,52,27,39,18
Ultra Lotto 6/58,2025-07-25,5,30,19,43,51,50
Ultra Lotto 6/58,2025-07-27,23,40,38,39,50,42
Ultra Lotto 6/58,2025-07-29,5,7,18,28,48,32
Ultra Lotto 6/58,2025-08-01,3,13,7,44,15,10
Ultra Lotto 6/58,2025-08-03,45,46,17,44,37,12
Ultra Lotto 6/58,2025-08-05,50,21,37,22,39,48
Ultra Lotto 6/58,2025-08-08,43,4,52,41,15,6
Ultra Lotto 6/58,2025-08-10,15,47,13,30,57,3
Ultra Lotto 6/58,2025-08-12,14,33,50,57,22,39
Ultra Lotto 6/58,2025-08-15,47,5,34,24,4,7
Ultra Lotto 6/58,2025-08-17,17,26,2,28,57,54
Ultra Lotto 6/58,2025-08-19,15,43,7,40,52,29
Ultra Lotto 6/58,2025-08-22,1,34,44,27,57,16
Ultra Lotto 6/58,2025-08-24,35,29,42,56,43,28
Ultra Lotto 6/58,2025-08-26,31,4,36,35,16,50
Ultra Lotto 6/58,2025-08-29,41,1,19,57,27,11
Ultra Lotto 6/58,2025-08-31,52,43,14,50,18,45
Ultra Lotto 6/58,2025-09-02,36,58,49,22,25,40
Ultra Lotto 6/58,2025-09-05,47,36,19,38,29,20
Ultra Lotto 6/58,2025-09-07,40,54,29,31,50,19
Ultra Lotto 6/58,2025-09-09,23,52,38,31,15,54
Ultra Lotto 6/58,2025-09-12,30,57,27,46,26,22
Ultra Lotto 6/58,2025-09-14,5,17,18,2,45,57
Ultra Lotto 6/58,2025-09-16,34,24,32,1,27,3
Ultra Lotto 6/58,2025-09-19,19,47,10,31,22,9
Ultra Lotto 6/58,2025-09-21,19,21,49,51,28,54
Ultra Lotto 6/58,2025-09-23,55,17,47,49,33,40
Ultra Lotto 6/58,2025-09-26,48,33,2,1,11,27
Ultra Lotto 6/58,2025-09-28,50,17,25,14,33,36
Ultra Lotto 6/58,2025-09-30,41,32,46,28,29,39
Ultra Lotto 6/58,2025-10-03,18,15,50,58,41,51
Ultra Lotto 6/58,2025-10-05,16,45,46,12,2,50
Ultra Lotto 6/58,2025-10-07,43,13,58,23,35,17
Ultra Lotto 6/58,2025-10-10,14,1,3,12,49,19
Ultra Lotto 6/58,2025-10-12,32,41,4,16,11,30
Ultra Lotto 6/58,2025-10-14,51,31,22,48,44,34
Ultra Lotto 6/58,2025-10-17,2,32,30,5,54,52
Ultra Lotto 6/58,2025-10-19,16,9,25,17,10,15
Ultra Lotto 6/58,2025-10-21,34,29,4,17,15,32
Ultra Lotto 6/58,2025-10-24,35,15,23,49,6,39
Ultra Lotto 6/58,2025-10-26,46,49,8,43,10,40
Ultra Lotto 6/58,2025-10-28,37,16,23,5,51,57
Ultra Lotto 6/58,2025-10-31,20,12,7,17,31,39
Ultra Lotto 6/58,2025-11-02,30,28,47,50,19,51
Ultra Lotto 6/58,2025-11-04,37,38,12,2,4,44
Ultra Lotto 6/58,2025-11-07,18,29,44,50,46,22
Ultra Lotto 6/58,2025-11-09,25,7,57,19,22,28
Ultra Lotto 6/58,2025-11-11,53,8,46,40,19,18
Ultra Lotto 6/58,2025-11-14,39,1,8,14,48,6
Ultra Lotto 6/58,2025-11-16,37,12,13,29,10,14
Ultra Lotto 6/58,2025-11-18,49,30,44,37,5,18
Ultra Lotto 6/58,2025-11-21,34,41,22,49,52,26
Ultra Lotto 6/58,2025-11-23,14,46,39,28,26,20
Ultra Lotto 6/58,2025-11-25,40,31,6,19,36,42
Ultra Lotto 6/58,2025-11-28,33,41,32,48,16,38
Ultra Lotto 6/58,2025-11-30,26,8,20,3,58,28
Ultra Lotto 6/58,2025-12-02,40,45,54,56,24,57
Ultra Lotto 6/58,2025-12-05,13,55,28,48,36,20
Ultra Lotto 6/58,2025-12-07,39,34,49,56,14,33
Ultra Lotto 6/58,2025-12-09,22,47,26,29,36,8
Ultra Lotto 6/58,2025-12-12,27,45,48,40,15,58
Ultra Lotto 6/58,2025-12-14,49,43,14,6,18,19
Ultra Lotto 6/58,2025-12-16,35,37,14,1,43,12
Ultra Lotto 6/58,2025-12-19,35,23,50,7,31,2
Ultra Lotto 6/58,2025-12-21,8,42,51,14,17,49
Ultra Lotto 6/58,2025-12-23,6,43,54,12,11,13
Ultra Lotto 6/58,2025-12-26,17,4,50,19,46,28
Ultra Lotto 6/58,2025-12-28,28,44,31,12,3,23
Ultra Lotto 6/58,2025-12-30,20,51,13,56,37,49
Ultra Lotto 6/58,2026-01-02,44,56,17,24,30,53
Ultra Lotto 6/58,2026-01-04,19,50,20,51,37,52
Ultra Lotto 6/58,2026-01-06,12,30,3,8,34,54
Ultra Lotto 6/58,2026-01-09,33,15,57,23,30,53
Ultra Lotto 6/58,2026-01-11,44,51,31,32,9,35
Ultra Lotto 6/58,2026-01-13,28,44,11,43,33,45
Ultra Lotto 6/58,2026-01-16,17,5,35,15,19,37
Ultra Lotto 6/58,2026-01-18,38,55,56,2,22,3
Ultra Lotto 6/58,2026-01-20,54,52,5,22,49,20
Ultra Lotto 6/58,2026-01-23,8,33,21,13,19,25
Ultra Lotto 6/58,2026-01-25,39,37,4,11,2,9
Ultra Lotto 6/58,2026-01-27,25,50,6,46,27,7
Ultra Lotto 6/58,2026-01-30,2,45,43,57,44,49
Ultra Lotto 6/58,2026-02-01,30,17,20,28,55,23
Ultra Lotto 6/58,2026-02-03,35,55,40,12,13,31
Ultra Lotto 6/58,2026-02-06,50,28,37,34,6,11
Ultra Lotto 6/58,2026-02-08,58,35,30,29,13,21
Ultra Lotto 6/58,2026-02-10,54,26,37,35,31,29
Ultra Lotto 6/58,2026-02-13,50,41,18,34,40,58
Ultra Lotto 6/58,2026-02-15,56,26,57,33,52,23
Ultra Lotto 6/58,2026-02-17,30,32,56,43,27,50
Ultra Lotto 6/58,2026-02-20,28,48,51,58,56,53
Ultra Lotto 6/58,2026-02-22,36,43,13,3,12,30
Ultra Lotto 6/58,2026-02-24,47,26,30,41,27,49
Ultra Lotto 6/58,2026-02-27,51,32,19,41,12,1
Ultra Lotto 6/58,2026-03-01,33,57,47,7,31,23
Ultra Lotto 6/58,2026-03-03,30,40,1,24,4,21
Ultra Lotto 6/58,2026-03-06,37,34,13,26,6,54
Ultra Lotto 6/58,2026-03-08,44,7,9,28,6,17
Ultra Lotto 6/58,2026-03-10,42,58,35,2,51,26
Ultra Lotto 6/58,2026-03-13,6,17,12,58,15,11
Ultra Lotto 6/58,2026-03-15,51,54,37,36,42,57
Ultra Lotto 6/58,2026-03-17,29,52,49,55,25,9
Ultra Lotto 6/58,2026-03-20,47,19,23,34,20,37
Ultra Lotto 6/58,2026-03-22,14,8,22,50,58,19
Ultra Lotto 6/58,2026-03-24,16,20,12,18,48,50
Ultra Lotto 6/58,2026-03-27,12,57,16,1,42,51
Ultra Lotto 6/58,2026-03-29,45,49,34,52,9,28
Ultra Lotto 6/58,2026-03-31,36,7,29,26,58,9
Ultra Lotto 6/58,2026-04-05,33,40,53,22,32,8
Ultra Lotto 6/58,2026-04-07,17,31,50,43,15,10
Ultra Lotto 6/58,2026-04-10,50,6,14,24,57,38
Ultra Lotto 6/58,2026-04-12,2,21,42,34,31,8
Ultra Lotto 6/58,2026-04-14,30,19,20,58,9,22
Ultra Lotto 6/58,2026-04-17,24,28,20,52,26,36
Ultra Lotto 6/58,2026-04-19,40,50,13,33,15,58
Ultra Lotto 6/58,2026-04-21,58,34,43,5,40,3
Ultra Lotto 6/58,2026-04-24,37,42,36,21,47,27
Ultra Lotto 6/58,2026-04-26,48,56,29,39,55,45
Ultra Lotto 6/58,2026-04-28,9,47,32,39,45,33
Ultra Lotto 6/58,2026-05-01,53,37,16,45,5,29
Ultra Lotto 6/58,2026-05-03,32,53,51,15,36,17
Ultra Lotto 6/58,2026-05-05,1,58,25,43,26,16
Ultra Lotto 6/58,2026-05-08,35,20,54,51,8,2
Ultra Lotto 6/58,2026-05-10,54,45,8,21,52,31
Ultra Lotto 6/58,2026-05-12,56,16,28,36,50,25
Ultra Lotto 6/58,2026-05-15,2,1,38,15,14,47
Ultra Lotto 6/58,2026-05-17,39,37,35,45,16,52
Ultra Lotto 6/58,2026-05-19,6,38,9,26,48,14
Ultra Lotto 6/58,2026-05-22,45,20,16,33,40,28
Ultra Lotto 6/58,2026-05-24,50,12,20,57,14,21
Ultra Lotto 6/58,2026-05-26,2,11,12,16,55,46
Ultra Lotto 6/58,2026-05-29,47,21,43,20,5,37
Ultra Lotto 6/58,2026-05-31,9,53,43,39,3,47
Ultra Lotto 6/58,2026-06-02,39,36,12,41,4,20
Ultra Lotto 6/58,2026-06-05,20,45,13,31,7,27
Ultra Lotto 6/58,2026-06-07,53,1,4,45,51,22
Ultra Lotto 6/58,2026-06-09,42,7,23,41,56,44
