Game,Date,N1,N2,N3,N4,N5,N6,Jackpot,Winners
Super Lotto 6/49,2025-06-01,27,19,23,6,38,10,44911436.8,0
Ultra Lotto 6/58,2025-06-01,17,28,33,2,49,20,90813300.0,0
Grand Lotto 6/55,2025-06-02,36,12,2,26,51,29,29700000.0,0
Mega Lotto 6/45,2025-06-02,14,42,37,10,18,27,17723222.8,0
Lotto 6/42,2025-06-03,5,22,14,3,23,11,102346298.0,1
Super Lotto 6/49,2025-06-03,21,43,47,17,45,19,48050797.0,0
Ultra Lotto 6/58,2025-06-03,2,18,28,19,41,26,94914130.4,0
Grand Lotto 6/55,2025-06-04,53,26,3,22,1,6,29700000.0,0
Mega Lotto 6/45,2025-06-04,42,28,4,29,10,30,21749042.2,1
Lotto 6/42,2025-06-05,10,40,34,12,36,16,5940000.0,0
Super Lotto 6/49,2025-06-05,37,11,28,41,35,12,53078892.8,0
Mega Lotto 6/45,2025-06-06,36,12,2,27,21,14,8910000.0,0
Ultra Lotto 6/58,2025-06-06,29,57,6,10,33,12,100698625.6,0
Grand Lotto 6/55,2025-06-07,17,19,2,6,9,42,31679141.0,0
Lotto 6/42,2025-06-07,21,22,32,33,31,3,7027614.2,0
Super Lotto 6/49,2025-06-08,37,22,30,1,26,27,57908146.4,0
Ultra Lotto 6/58,2025-06-08,4,28,38,39,23,49,106788318.0,0
Grand Lotto 6/55,2025-06-09,43,17,37,9,53,4,35456847.8,0
Mega Lotto 6/45,2025-06-09,32,2,28,15,18,8,8910000.0,0
Lotto 6/42,2025-06-10,25,9,33,10,20,30,10068136.4,0
Super Lotto 6/49,2025-06-10,23,20,22,41,39,19,61972542.2,0
Ultra Lotto 6/58,2025-06-10,43,32,47,31,1,8,112369933.6,0
Grand Lotto 6/55,2025-06-11,25,32,46,44,26,36,39361064.8,0
Mega Lotto 6/45,2025-06-11,14,39,10,17,44,41,9996380.2,0
Lotto 6/42,2025-06-12,5,13,14,30,25,42,13536866.8,0
Super Lotto 6/49,2025-06-12,7,14,16,8,46,6,67157511.2,0
Mega Lotto 6/45,2025-06-13,12,7,35,3,30,13,13546459.6,0
Ultra Lotto 6/58,2025-06-13,50,57,12,23,39,5,119353230.8,0
Grand Lotto 6/55,2025-06-14,33,55,48,19,1,50,43493802.2,0
Lotto 6/42,2025-06-14,26,5,1,20,9,37,17563262.0,0
Super Lotto 6/49,2025-06-15,35,32,19,14,12,43,72198130.0,0
Ultra Lotto 6/58,2025-06-15,28,52,43,50,2,18,125693094.0,0
Grand Lotto 6/55,2025-06-16,36,32,28,14,49,45,47492275.4,0
Mega Lotto 6/45,2025-06-16,8,22,20,41,29,42,17357253.8,0
Lotto 6/42,2025-06-17,6,30,17,41,4,18,21080522.8,0
Super Lotto 6/49,2025-06-17,27,19,8,21,46,24,76466205.0,0
Ultra Lotto 6/58,2025-06-17,45,1,19,9,44,11,131566412.0,0
Grand Lotto 6/55,2025-06-18,3,45,5,18,21,28,51481844.0,0
Mega Lotto 6/45,2025-06-18,29,15,44,5,8,31,21125006.6,0
Lotto 6/42,2025-06-19,2,14,16,28,22,30,25051343.8,1
Super Lotto 6/49,2025-06-19,19,33,26,18,17,39,81897783.6,0
Mega Lotto 6/45,2025-06-20,23,4,5,6,24,44,25002216.6,0
Ultra Lotto 6/58,2025-06-20,23,27,51,38,20,22,138703022.8,0
Grand Lotto 6/55,2025-06-21,5,8,22,6,2,45,55799907.4,0
Lotto 6/42,2025-06-21,11,17,30,31,4,33,5940000.0,0
Super Lotto 6/49,2025-06-22,11,38,21,22,28,36,87281882.2,0
Ultra Lotto 6/58,2025-06-22,34,54,23,58,15,7,145295283.2,0
Grand Lotto 6/55,2025-06-23,18,8,42,3,32,24,59628474.6,0
Mega Lotto 6/45,2025-06-23,23,36,42,12,19,18,28803092.0,0
Lotto 6/42,2025-06-24,24,31,13,22,9,37,5940000.0,0
Super Lotto 6/49,2025-06-24,40,12,36,15,8,13,91915425.2,0
Ultra Lotto 6/58,2025-06-24,30,20,31,12,3,23,151270025.6,0
Grand Lotto 6/55,2025-06-25,1,7,2,11,41,37,63655396.2,0
Mega Lotto 6/45,2025-06-25,36,13,27,43,34,24,32723870.8,0
Lotto 6/42,2025-06-26,25,2,23,18,5,24,9056625.0,0
Super Lotto 6/49,2025-06-26,25,8,5,27,18,16,97897380.4,1
Mega Lotto 6/45,2025-06-27,24,25,12,43,2,42,36892798.4,0
Ultra Lotto 6/58,2025-06-27,9,23,57,1,15,39,158689842.4,0
Grand Lotto 6/55,2025-06-28,5,3,42,27,45,34,68282103.6,0
Lotto 6/42,2025-06-28,26,11,3,20,36,29,12610136.6,0
Super Lotto 6/49,2025-06-29,5,32,25,46,6,14,15840000.0,0
Ultra Lotto 6/58,2025-06-29,14,36,17,22,34,29,166136332.0,0
Grand Lotto 6/55,2025-06-30,3,54,24,36,18,46,72366751.0,1
Mega Lotto 6/45,2025-06-30,25,17,19,7,8,35,41001229.8,0
Lotto 6/42,2025-07-01,34,22,28,11,37,17,16089613.8,0
Super Lotto 6/49,2025-07-01,19,15,17,25,20,47,15840000.0,0
Ultra Lotto 6/58,2025-07-01,34,24,41,48,37,36,173307289.2,0
Grand Lotto 6/55,2025-07-02,11,29,13,48,20,9,29700000.0,0
Mega Lotto 6/45,2025-07-02,38,7,16,44,15,42,46134409.2,1
Lotto 6/42,2025-07-03,34,2,17,35,20,5,20386720.8,0
Super Lotto 6/49,2025-07-03,27,42,48,46,45,44,15840000.0,0
Mega Lotto 6/45,2025-07-04,18,29,41,40,10,24,8910000.0,0
Ultra Lotto 6/58,2025-07-04,16,15,57,42,41,47,181743268.4,0
Grand Lotto 6/55,2025-07-05,42,55,49,29,3,36,29700000.0,0
Lotto 6/42,2025-07-05,26,18,16,34,3,35,24706840.0,0
Super Lotto 6/49,2025-07-06,23,13,30,28,9,36,15840000.0,0
Ultra Lotto 6/58,2025-07-06,23,35,4,14,15,16,189803483.2,0
Grand Lotto 6/55,2025-07-07,25,35,19,12,5,45,29700000.0,0
Mega Lotto 6/45,2025-07-07,38,1,6,7,42,12,8910000.0,0
Lotto 6/42,2025-07-08,18,23,34,5,9,12,28711263.6,0
Super Lotto 6/49,2025-07-08,38,3,16,23,48,26,16410441.6,0
Ultra Lotto 6/58,2025-07-08,24,33,27,7,52,30,197294254.4,0
Grand Lotto 6/55,2025-07-09,52,13,40,27,5,11,29700000.0,0
Mega Lotto 6/45,2025-07-09,22,44,37,15,28,24,10352639.6,0
Lotto 6/42,2025-07-10,15,23,7,22,8,21,33699580.6,0
Super Lotto 6/49,2025-07-10,7,3,25,13,44,8,19613687.2,0
Mega Lotto 6/45,2025-07-11,25,27,24,33,35,8,13821850.0,0
Ultra Lotto 6/58,2025-07-11,12,29,41,24,25,38,206344530.8,0
Grand Lotto 6/55,2025-07-12,46,54,21,51,49,42,29700000.0,0
Lotto 6/42,2025-07-12,39,33,40,10,20,22,38848464.0,0
Super Lotto 6/49,2025-07-13,4,46,25,11,3,7,23469035.6,0
Ultra Lotto 6/58,2025-07-13,12,57,41,18,33,17,215283830.4,0
Grand Lotto 6/55,2025-07-14,1,2,31,13,14,44,29700000.0,0
Mega Lotto 6/45,2025-07-14,34,28,8,35,32,11,17588988.4,0
Lotto 6/42,2025-07-15,9,15,39,1,42,27,43583666.2,0
Super Lotto 6/49,2025-07-15,8,7,13,23,30,29,26338807.2,0
Ultra Lotto 6/58,2025-07-15,22,38,36,8,16,41,223465859.2,0
Grand Lotto 6/55,2025-07-16,32,53,20,8,45,54,29700000.0,0
Mega Lotto 6/45,2025-07-16,44,30,12,24,6,35,21538656.0,1
Lotto 6/42,2025-07-17,33,31,19,37,21,41,48913755.2,0
Super Lotto 6/49,2025-07-17,29,8,4,37,14,2,29576927.2,0
Mega Lotto 6/45,2025-07-18,5,9,38,3,16,17,8910000.0,0
Ultra Lotto 6/58,2025-07-18,19,16,1,54,12,46,233048782.0,0
Grand Lotto 6/55,2025-07-19,35,49,44,53,16,31,29700000.0,0
Lotto 6/42,2025-07-19,11,38,40,27,6,1,54107784.2,0
Super Lotto 6/49,2025-07-20,27,13,12,29,44,34,33342362.2,0
Ultra Lotto 6/58,2025-07-20,32,20,23,44,39,9,241882917.2,0
Grand Lotto 6/55,2025-07-21,39,31,19,24,29,12,31513425.8,0
Mega Lotto 6/45,2025-07-21,44,39,45,42,9,20,8910000.0,0
Lotto 6/42,2025-07-22,24,31,35,39,4,14,58652835.2,0
Super Lotto 6/49,2025-07-22,28,42,45,17,8,14,35910555.6,0
Ultra Lotto 6/58,2025-07-22,42,49,52,27,39,18,249157124.8,0
Grand Lotto 6/55,2025-07-23,11,32,16,9,4,24,34801430.6,0
Mega Lotto 6/45,2025-07-23,37,4,23,35,13,7,8910000.0,0
Lotto 6/42,2025-07-24,24,34,32,9,21,16,63908331.6,1
Super Lotto 6/49,2025-07-24,47,42,29,31,48,8,38975027.0,0
Mega Lotto 6/45,2025-07-25,41,14,5,36,29,27,12040346.2,0
Ultra Lotto 6/58,2025-07-25,5,30,19,43,51,50,258660618.8,0
Grand Lotto 6/55,2025-07-26,9,35,45,52,41,38,38658341.6,0
Lotto 6/42,2025-07-26,33,10,37,23,11,17,5940000.0,0
Super Lotto 6/49,2025-07-27,1,33,34,11,39,22,43009332.6,0
Ultra Lotto 6/58,2025-07-27,23,40,38,39,50,42,267812434.0,0
Grand Lotto 6/55,2025-07-28,12,13,55,2,30,14,42349332.6,0
Mega Lotto 6/45,2025-07-28,16,29,19,14,35,31,15412338.4,0
Lotto 6/42,2025-07-29,25,33,5,21,6,3,6054592.2,0
Super Lotto 6/49,2025-07-29,47,34,6,30,15,21,46615416.8,0
Ultra Lotto 6/58,2025-07-29,5,7,18,28,48,32,276717316.8,0
Grand Lotto 6/55,2025-07-30,42,13,52,4,31,12,46269193.0,0
Mega Lotto 6/45,2025-07-30,25,24,29,17,5,40,18905149.0,0
Lotto 6/42,2025-07-31,24,40,3,9,36,7,9212984.0,0
Super Lotto 6/49,2025-07-31,47,11,6,28,37,1,51493635.8,0
Mega Lotto 6/45,2025-08-01,25,4,10,44,32,33,22766141.8,0
Ultra Lotto 6/58,2025-08-01,3,13,7,44,15,10,287539944.0,0
Grand Lotto 6/55,2025-08-02,1,53,46,52,8,18,50561260.2,0
Lotto 6/42,2025-08-02,23,31,21,29,6,37,12715992.0,0
Super Lotto 6/49,2025-08-03,29,43,37,10,25,26,56233268.8,0
Ultra Lotto 6/58,2025-08-03,45,46,17,44,37,12,297664986.4,0
Grand Lotto 6/55,2025-08-04,44,8,12,29,5,39,54608763.8,0
Mega Lotto 6/45,2025-08-04,34,16,5,33,28,24,26667428.6,0
Lotto 6/42,2025-08-05,3,31,6,28,4,23,15979564.2,0
Super Lotto 6/49,2025-08-05,43,38,39,6,11,49,60213515.4,0
Ultra Lotto 6/58,2025-08-05,50,21,37,22,39,48,307514426.0,0
Grand Lotto 6/55,2025-08-06,17,25,4,11,37,52,58558083.4,0
Mega Lotto 6/45,2025-08-06,2,35,37,10,44,24,30373525.8,0
Lotto 6/42,2025-08-07,36,41,33,5,25,1,19560635.6,0
Super Lotto 6/49,2025-08-07,49,47,16,41,20,15,65204921.0,0
Mega Lotto 6/45,2025-08-08,4,28,2,41,1,6,34529403.0,0
Ultra Lotto 6/58,2025-08-08,43,4,52,41,15,6,319010402.8,0
Grand Lotto 6/55,2025-08-09,42,30,49,6,3,45,62913268.6,0
Lotto 6/42,2025-08-09,9,13,36,18,27,34,23489765.2,0
Super Lotto 6/49,2025-08-10,10,34,6,30,44,24,70216325.0,0
Ultra Lotto 6/58,2025-08-10,15,47,13,30,57,3,329754859.6,0
Grand Lotto 6/55,2025-08-11,40,17,12,29,11,48,66935255.0,0
Mega Lotto 6/45,2025-08-11,40,10,16,28,7,9,38521162.8,2
Lotto 6/42,2025-08-12,13,30,11,36,27,42,27137946.0,0
Super Lotto 6/49,2025-08-12,35,44,21,16,27,34,74485701.6,0
Ultra Lotto 6/58,2025-08-12,14,33,50,57,22,39,339955661.2,0
Grand Lotto 6/55,2025-08-13,48,45,23,30,43,17,71512918.8,0
Mega Lotto 6/45,2025-08-13,41,36,2,8,34,30,8910000.0,0
Lotto 6/42,2025-08-14,16,20,30,38,24,32,30978800.6,0
Super Lotto 6/49,2025-08-14,34,36,28,22,48,19,79475795.8,0
Mega Lotto 6/45,2025-08-15,7,13,3,17,12,23,8910000.0,0
Ultra Lotto 6/58,2025-08-15,47,5,34,24,4,7,351893609.2,0
Grand Lotto 6/55,2025-08-16,7,45,32,42,6,28,76085171.8,0
Lotto 6/42,2025-08-16,13,8,29,3,41,36,35318748.6,0
Super Lotto 6/49,2025-08-17,4,22,44,34,30,33,84961245.2,0
Ultra Lotto 6/58,2025-08-17,17,26,2,28,57,54,363258633.2,0
Grand Lotto 6/55,2025-08-18,48,28,35,26,5,41,80900673.6,0
Mega Lotto 6/45,2025-08-18,19,35,16,4,42,14,10089332.8,0
Lotto 6/42,2025-08-19,24,28,26,5,35,20,39462472.8,0
Super Lotto 6/49,2025-08-19,17,27,21,30,15,12,89548070.2,1
Ultra Lotto 6/58,2025-08-19,15,43,7,40,52,29,373899069.6,0
Grand Lotto 6/55,2025-08-20,9,45,21,39,14,6,85722656.6,0
Mega Lotto 6/45,2025-08-20,43,38,30,11,2,14,13485257.6,0
Lotto 6/42,2025-08-21,25,27,8,39,35,40,44760884.0,0
Super Lotto 6/49,2025-08-21,36,15,47,10,1,41,15840000.0,0
Mega Lotto 6/45,2025-08-22,40,33,42,6,20,17,17049877.2,0
Ultra Lotto 6/58,2025-08-22,1,34,44,27,57,16,386153104.8,1
Grand Lotto 6/55,2025-08-23,24,35,41,15,45,13,90601768.6,0
Lotto 6/42,2025-08-23,28,1,39,40,26,16,49700531.8,0
Super Lotto 6/49,2025-08-24,24,8,15,45,43,46,15840000.0,0
Ultra Lotto 6/58,2025-08-24,35,29,42,56,43,28,49500000.0,0
Grand Lotto 6/55,2025-08-25,11,17,38,1,7,49,95530852.4,0
Mega Lotto 6/45,2025-08-25,40,5,16,3,20,27,20523660.6,1
Lotto 6/42,2025-08-26,1,36,17,35,42,19,55241711.8,0
Super Lotto 6/49,2025-08-26,25,16,31,27,46,35,15840000.0,0
Ultra Lotto 6/58,2025-08-26,31,4,36,35,16,50,49500000.0,0
Grand Lotto 6/55,2025-08-27,1,31,13,43,33,20,100896572.8,0
Mega Lotto 6/45,2025-08-27,37,35,39,25,27,44,8910000.0,0
Lotto 6/42,2025-08-28,2,3,10,15,26,33,61104270.0,0
Super Lotto 6/49,2025-08-28,16,49,14,17,22,6,15840000.0,0
Mega Lotto 6/45,2025-08-29,31,7,33,12,36,20,8910000.0,0
Ultra Lotto 6/58,2025-08-29,41,1,19,57,27,11,49500000.0,0
Grand Lotto 6/55,2025-08-30,2,40,31,17,43,10,106866519.2,0
Lotto 6/42,2025-08-30,8,19,27,13,11,21,66711495.8,0
Super Lotto 6/49,2025-08-31,23,32,45,5,18,43,16126443.8,0
Ultra Lotto 6/58,2025-08-31,52,43,14,50,18,45,49500000.0,0
Grand Lotto 6/55,2025-09-01,54,20,24,30,39,29,113375439.2,0
Mega Lotto 6/45,2025-09-01,38,3,36,15,27,33,9759510.0,0
Lotto 6/42,2025-09-02,40,14,16,29,35,18,73224072.6,0
Super Lotto 6/49,2025-09-02,38,11,16,31,21,7,18731955.0,0
Ultra Lotto 6/58,2025-09-02,36,58,49,22,25,40,49500000.0,0
Grand Lotto 6/55,2025-09-03,43,9,41,18,48,27,119888627.2,0
Mega Lotto 6/45,2025-09-03,10,39,43,33,14,9,13103444.8,0
Lotto 6/42,2025-09-04,24,38,18,30,9,27,79979967.6,0
Super Lotto 6/49,2025-09-04,2,32,17,6,10,4,21833187.0,0
Mega Lotto 6/45,2025-09-05,4,34,31,25,18,41,16682679.4,0
Ultra Lotto 6/58,2025-09-05,47,36,19,38,29,20,49500000.0,0
Grand Lotto 6/55,2025-09-06,29,4,34,20,1,48,126391514.8,0
Lotto 6/42,2025-09-06,8,39,7,38,2,9,86346740.6,1
Super Lotto 6/49,2025-09-07,45,21,49,10,26,5,25654340.4,0
Ultra Lotto 6/58,2025-09-07,40,54,29,31,50,19,49500000.0,0
Grand Lotto 6/55,2025-09-08,14,45,24,55,44,16,132998277.6,0
Mega Lotto 6/45,2025-09-08,39,28,8,44,34,31,20241744.0,0
Lotto 6/42,2025-09-09,40,34,14,1,13,30,5940000.0,0
Super Lotto 6/49,2025-09-09,32,22,8,29,15,5,28906625.2,0
Ultra Lotto 6/58,2025-09-09,23,52,38,31,15,54,49500000.0,0
Grand Lotto 6/55,2025-09-10,52,50,8,45,4,48,139842746.0,0
Mega Lotto 6/45,2025-09-10,3,5,20,42,31,38,23856257.2,0
Lotto 6/42,2025-09-11,6,39,8,31,19,16,5988733.6,0
Super Lotto 6/49,2025-09-11,24,2,44,45,28,11,32974881.4,0
Mega Lotto 6/45,2025-09-12,27,2,45,37,36,10,27778957.4,0
Ultra Lotto 6/58,2025-09-12,30,57,27,46,26,22,49500000.0,0
Grand Lotto 6/55,2025-09-13,39,33,30,53,1,23,147546983.2,0
Lotto 6/42,2025-09-13,6,7,27,17,23,33,9272591.6,0
Super Lotto 6/49,2025-09-14,40,41,8,26,45,10,36949195.2,0
Ultra Lotto 6/58,2025-09-14,5,17,18,2,45,57,49500000.0,1
Grand Lotto 6/55,2025-09-15,49,46,45,2,33,25,154670134.4,0
Mega Lotto 6/45,2025-09-15,20,9,21,30,43,44,31742677.4,0
Lotto 6/42,2025-09-16,20,18,6,42,10,21,12348288.8,0
Super Lotto 6/49,2025-09-16,34,37,41,48,46,33,40458594.0,0
Ultra Lotto 6/58,2025-09-16,34,24,32,1,27,3,49500000.0,0
Grand Lotto 6/55,2025-09-17,41,44,40,9,26,49,161835217.6,0
Mega Lotto 6/45,2025-09-17,17,9,6,38,16,36,35709957.2,0
Lotto 6/42,2025-09-18,18,42,21,2,32,24,15770336.4,0
Super Lotto 6/49,2025-09-18,45,3,18,25,23,36,44756986.0,0
Mega Lotto 6/45,2025-09-19,3,40,39,41,26,33,40047409.0,0
Ultra Lotto 6/58,2025-09-19,19,47,10,31,22,9,49500000.0,0
Grand Lotto 6/55,2025-09-20,35,55,9,44,33,7,169552034.4,0
Lotto 6/42,2025-09-20,31,22,6,28,41,36,19413215.4,0
Super Lotto 6/49,2025-09-21,7,40,3,27,35,46,48993827.0,0
Ultra Lotto 6/58,2025-09-21,19,21,49,51,28,54,49500000.0,0
Grand Lotto 6/55,2025-09-22,27,31,15,36,23,54,175710820.0,0
Mega Lotto 6/45,2025-09-22,45,8,39,35,26,24,43568168.0,0
Lotto 6/42,2025-09-23,24,13,12,22,36,33,22494977.4,0
Super Lotto 6/49,2025-09-23,25,41,8,16,14,38,52291815.6,0
Ultra Lotto 6/58,2025-09-23,55,17,47,49,33,40,49500000.0,0
Grand Lotto 6/55,2025-09-24,45,19,21,50,28,20,182743480.8,0
Mega Lotto 6/45,2025-09-24,42,10,32,15,29,23,47560633.6,0
Lotto 6/42,2025-09-25,39,14,26,21,4,35,25921463.6,0
Super Lotto 6/49,2025-09-25,31,6,7,25,27,46,56250989.0,0
Mega Lotto 6/45,2025-09-26,10,36,19,24,6,15,51732871.2,0
Ultra Lotto 6/58,2025-09-26,48,33,2,1,11,27,49500000.0,0
Grand Lotto 6/55,2025-09-27,2,21,32,37,45,30,190686140.8,0
Lotto 6/42,2025-09-27,21,29,12,11,24,5,29935246.8,1
Super Lotto 6/49,2025-09-28,19,42,12,8,22,4,60963401.4,0
Ultra Lotto 6/58,2025-09-28,50,17,25,14,33,36,49500000.0,0
Grand Lotto 6/55,2025-09-29,5,37,17,10,47,54,197847532.4,0
Mega Lotto 6/45,2025-09-29,30,20,23,40,12,14,56078818.0,1
Lotto 6/42,2025-09-30,2,41,23,38,30,40,5940000.0,0
Super Lotto 6/49,2025-09-30,45,44,8,23,21,2,65201814.8,0
Ultra Lotto 6/58,2025-09-30,41,32,46,28,29,39,49500000.0,0
Grand Lotto 6/55,2025-10-01,46,34,13,20,1,17,205990080.0,0
Mega Lotto 6/45,2025-10-01,17,1,45,15,35,29,8910000.0,0
Lotto 6/42,2025-10-02,17,36,12,15,25,39,5940000.0,0
Super Lotto 6/49,2025-10-02,26,6,28,41,46,25,70194470.2,0
Mega Lotto 6/45,2025-10-03,42,6,1,25,17,34,8910000.0,0
Ultra Lotto 6/58,2025-10-03,18,15,50,58,41,51,49500000.0,0
Grand Lotto 6/55,2025-10-04,25,28,1,42,13,50,214989254.8,0
Lotto 6/42,2025-10-04,41,6,40,4,36,1,8895388.0,0
Super Lotto 6/49,2025-10-05,14,13,16,42,21,7,75490978.6,0
Ultra Lotto 6/58,2025-10-05,16,45,46,12,2,50,49500000.0,0
Grand Lotto 6/55,2025-10-06,21,27,51,19,14,53,223580197.6,1
Mega Lotto 6/45,2025-10-06,45,26,18,38,17,40,9713362.4,0
Lotto 6/42,2025-10-07,15,22,39,42,35,2,11799533.0,0
Super Lotto 6/49,2025-10-07,27,30,45,10,5,23,80300804.2,0
Ultra Lotto 6/58,2025-10-07,43,13,58,23,35,17,49500000.0,0
Grand Lotto 6/55,2025-10-08,31,45,44,54,42,28,29700000.0,0
Mega Lotto 6/45,2025-10-08,25,28,42,17,1,22,13255888.2,1
Lotto 6/42,2025-10-09,23,32,41,27,14,34,15031323.8,0
Super Lotto 6/49,2025-10-09,22,48,20,36,10,8,85927967.8,0
Mega Lotto 6/45,2025-10-10,17,1,13,14,42,33,8910000.0,0
Ultra Lotto 6/58,2025-10-10,14,1,3,12,49,19,49500000.0,0
Grand Lotto 6/55,2025-10-11,15,37,17,26,6,40,29700000.0,0
Lotto 6/42,2025-10-11,1,4,30,9,6,37,19051981.2,0
Super Lotto 6/49,2025-10-12,28,11,16,36,4,13,92574296.6,0
Ultra Lotto 6/58,2025-10-12,32,41,4,16,11,30,49500000.0,0
Grand Lotto 6/55,2025-10-13,39,55,1,2,31,12,29700000.0,0
Mega Lotto 6/45,2025-10-13,38,19,16,35,18,41,8910000.0,0
Lotto 6/42,2025-10-14,35,23,2,3,1,38,22519004.8,0
Super Lotto 6/49,2025-10-14,41,1,32,26,38,49,98498935.6,0
Ultra Lotto 6/58,2025-10-14,51,31,22,48,44,34,49500000.0,0
Grand Lotto 6/55,2025-10-15,22,46,24,4,23,38,29700000.0,0
Mega Lotto 6/45,2025-10-15,34,11,8,39,1,38,9901989.6,0
Lotto 6/42,2025-10-16,39,24,11,7,12,21,26433423.6,0
Super Lotto 6/49,2025-10-16,41,2,38,37,22,44,105467873.6,0
Mega Lotto 6/45,2025-10-17,1,25,43,18,6,23,13382542.6,0
Ultra Lotto 6/58,2025-10-17,2,32,30,5,54,52,49500000.0,0
Grand Lotto 6/55,2025-10-18,5,35,27,52,39,28,29700000.0,0
Lotto 6/42,2025-10-18,12,25,26,6,14,38,30933067.0,0
Super Lotto 6/49,2025-10-19,42,28,39,29,26,10,112796478.4,0
Ultra Lotto 6/58,2025-10-19,16,9,25,17,10,15,50952075.8,2
Grand Lotto 6/55,2025-10-20,50,51,18,12,15,23,29700000.0,0
Mega Lotto 6/45,2025-10-20,20,6,40,24,29,41,17099766.4,0
Lotto 6/42,2025-10-21,15,11,33,30,7,21,34864065.2,0
Super Lotto 6/49,2025-10-21,31,4,36,27,2,39,119716186.8,0
Ultra Lotto 6/58,2025-10-21,34,29,4,17,15,32,49500000.0,0
Grand Lotto 6/55,2025-10-22,44,22,2,42,26,39,29700000.0,0
Mega Lotto 6/45,2025-10-22,5,25,10,4,8,42,20724724.8,0
Lotto 6/42,2025-10-23,12,23,24,29,20,26,39093928.4,0
Super Lotto 6/49,2025-10-23,25,14,26,40,4,22,127118438.8,0
Mega Lotto 6/45,2025-10-24,8,25,41,32,34,1,24469530.4,0
Ultra Lotto 6/58,2025-10-24,35,15,23,49,6,39,49500000.0,0
Grand Lotto 6/55,2025-10-25,49,8,12,29,22,18,29700000.0,0
Lotto 6/42,2025-10-25,8,32,20,36,5,12,44203730.0,0
Super Lotto 6/49,2025-10-26,22,18,42,21,31,38,135324834.8,0
Ultra Lotto 6/58,2025-10-26,46,49,8,43,10,40,49500000.0,0
Grand Lotto 6/55,2025-10-27,14,39,42,35,25,30,31171824.4,0
Mega Lotto 6/45,2025-10-27,17,9,40,21,4,3,28325304.0,0
Lotto 6/42,2025-10-28,18,36,41,28,35,25,48513678.2,0
Super Lotto 6/49,2025-10-28,12,7,37,28,23,48,142603737.2,0
Ultra Lotto 6/58,2025-10-28,37,16,23,5,51,57,49500000.0,0
Grand Lotto 6/55,2025-10-29,41,3,49,48,13,19,91000000.0,0
Mega Lotto 6/45,2025-10-29,24,29,36,9,38,43,32180229.6,0
Lotto 6/42,2025-10-30,3,28,8,7,41,23,53103612.8,0
Super Lotto 6/49,2025-10-30,10,45,3,19,4,13,150230626.8,0
Mega Lotto 6/45,2025-10-31,8,27,45,42,33,15,36109825.0,0
Ultra Lotto 6/58,2025-10-31,20,12,7,17,31,39,91000000.0,0
Grand Lotto 6/55,2025-11-01,50,12,27,7,47,5,94305937.6,0
Lotto 6/42,2025-11-01,25,31,18,13,29,15,56954430.2,0
Super Lotto 6/49,2025-11-02,33,26,37,24,36,45,158096172.4,0
Ultra Lotto 6/58,2025-11-02,30,28,47,50,19,51,94585380.0,0
Grand Lotto 6/55,2025-11-03,42,41,21,5,45,11,98059716.2,0
Mega Lotto 6/45,2025-11-03,1,32,41,43,21,45,39705010.4,0
Lotto 6/42,2025-11-04,10,1,32,4,18,9,60959533.2,0
Super Lotto 6/49,2025-11-04,6,10,38,47,8,44,164438966.0,0
Ultra Lotto 6/58,2025-11-04,37,38,12,2,4,44,97512472.2,0
Grand Lotto 6/55,2025-11-05,48,2,51,30,49,20,102470449.4,0
Mega Lotto 6/45,2025-11-05,28,9,45,34,25,32,43660828.8,0
Lotto 6/42,2025-11-06,4,8,28,36,21,35,65771261.6,0
Super Lotto 6/49,2025-11-06,47,48,1,16,11,41,172090632.0,0
Mega Lotto 6/45,2025-11-07,24,28,36,42,34,8,47762873.8,0
Ultra Lotto 6/58,2025-11-07,18,29,44,50,46,22,102115334.2,0
Grand Lotto 6/55,2025-11-08,3,32,7,37,42,21,107428105.4,0
Lotto 6/42,2025-11-08,1,5,34,18,12,25,71005392.0,0
Super Lotto 6/49,2025-11-09,37,31,6,26,29,14,178197172.0,0
Ultra Lotto 6/58,2025-11-09,25,7,57,19,22,28,105139234.2,0
Grand Lotto 6/55,2025-11-10,53,48,24,36,39,7,111369858.6,0
Mega Lotto 6/45,2025-11-10,38,27,17,23,31,6,51306254.0,0
Lotto 6/42,2025-11-11,34,10,2,16,26,29,75610006.6,0
Super Lotto 6/49,2025-11-11,4,25,20,14,12,5,184998366.4,1
Ultra Lotto 6/58,2025-11-11,53,8,46,40,19,18,108810101.4,0
Grand Lotto 6/55,2025-11-12,10,13,16,36,5,12,116190560.2,0
Mega Lotto 6/45,2025-11-12,14,26,31,36,25,45,55425587.6,0
Lotto 6/42,2025-11-13,18,28,8,30,41,6,81810102.0,1
Super Lotto 6/49,2025-11-13,47,29,45,48,26,46,15840000.0,0
Mega Lotto 6/45,2025-11-14,22,14,16,23,36,4,59850072.4,0
Ultra Lotto 6/58,2025-11-14,39,1,8,14,48,6,114052697.0,0
Grand Lotto 6/55,2025-11-15,11,52,14,21,30,7,122415464.6,0
Lotto 6/42,2025-11-15,6,11,3,9,18,29,5940000.0,1
Super Lotto 6/49,2025-11-16,1,7,32,17,34,38,15840000.0,0
Ultra Lotto 6/58,2025-11-16,37,12,13,29,10,14,119841821.0,0
Grand Lotto 6/55,2025-11-17,5,44,40,12,50,22,128198961.0,0
Mega Lotto 6/45,2025-11-17,28,31,4,16,24,41,64645410.6,0
Lotto 6/42,2025-11-18,18,37,26,40,21,14,5940000.0,0
Super Lotto 6/49,2025-11-18,37,32,43,20,34,44,15840000.0,0
Ultra Lotto 6/58,2025-11-18,49,30,44,37,5,18,125249742.2,0
Grand Lotto 6/55,2025-11-19,28,50,32,12,8,38,133980882.2,0
Mega Lotto 6/45,2025-11-19,27,33,24,29,13,5,69295109.2,0
Lotto 6/42,2025-11-20,27,16,38,30,39,10,5971209.4,0
Super Lotto 6/49,2025-11-20,49,19,28,40,43,9,15840000.0,0
Mega Lotto 6/45,2025-11-21,19,2,41,24,4,39,74266503.2,0
Ultra Lotto 6/58,2025-11-21,34,41,22,49,52,26,131212842.2,0
Grand Lotto 6/55,2025-11-22,3,40,11,53,39,26,140522916.6,0
Lotto 6/42,2025-11-22,10,30,12,15,33,20,9211206.8,0
Super Lotto 6/49,2025-11-23,30,22,47,23,18,12,17365848.0,0
Ultra Lotto 6/58,2025-11-23,14,46,39,28,26,20,137126644.6,0
Grand Lotto 6/55,2025-11-24,36,43,44,45,11,41,146296887.0,0
Mega Lotto 6/45,2025-11-24,25,14,28,17,20,41,79205340.6,0
Lotto 6/42,2025-11-25,22,30,27,3,34,21,12116541.0,0
Super Lotto 6/49,2025-11-25,27,18,13,7,16,49,20142114.2,0
Ultra Lotto 6/58,2025-11-25,40,31,6,19,36,42,142401985.0,0
Grand Lotto 6/55,2025-11-26,24,42,33,19,6,20,152234211.8,0
Mega Lotto 6/45,2025-11-26,29,22,25,37,41,34,84182510.0,1
Lotto 6/42,2025-11-27,42,26,4,30,21,22,15608485.0,0
Super Lotto 6/49,2025-11-27,3,16,7,35,42,38,23948578.8,0
Mega Lotto 6/45,2025-11-28,1,5,37,31,18,19,8910000.0,1
Ultra Lotto 6/58,2025-11-28,33,41,32,48,16,38,148988345.0,0
Grand Lotto 6/55,2025-11-29,17,15,41,27,25,10,158846527.4,0
Lotto 6/42,2025-11-29,32,14,29,26,38,27,19230167.6,0
Super Lotto 6/49,2025-11-30,6,32,3,21,10,7,27769526.4,0
Ultra Lotto 6/58,2025-11-30,26,8,20,3,58,28,155223593.8,1
Grand Lotto 6/55,2025-12-01,38,41,42,2,5,49,165699861.8,0
Mega Lotto 6/45,2025-12-01,22,7,1,12,28,37,8910000.0,0
Lotto 6/42,2025-12-02,30,37,23,34,33,32,23049025.2,0
Super Lotto 6/49,2025-12-02,9,14,48,17,44,26,31156886.8,0
Ultra Lotto 6/58,2025-12-02,40,45,54,56,24,57,49500000.0,0
Grand Lotto 6/55,2025-12-03,54,50,14,2,25,38,172931530.2,0
Mega Lotto 6/45,2025-12-03,1,45,31,5,29,19,8910000.0,0
Lotto 6/42,2025-12-04,31,41,3,11,12,29,27190231.2,0
Super Lotto 6/49,2025-12-04,35,24,16,26,44,28,35274192.0,0
Mega Lotto 6/45,2025-12-05,13,3,45,42,21,4,10293441.6,0
Ultra Lotto 6/58,2025-12-05,13,55,28,48,36,20,49500000.0,0
Grand Lotto 6/55,2025-12-06,52,8,35,37,42,32,180675244.2,0
Lotto 6/42,2025-12-06,37,33,36,38,14,39,31464216.0,0
Super Lotto 6/49,2025-12-07,48,43,36,10,26,44,39517070.4,0
Ultra Lotto 6/58,2025-12-07,39,34,49,56,14,33,49500000.0,0
Grand Lotto 6/55,2025-12-08,36,22,49,51,45,5,188122816.2,0
Mega Lotto 6/45,2025-12-08,4,10,30,19,8,38,13840806.8,0
Lotto 6/42,2025-12-09,36,42,7,16,1,13,35516146.0,0
Super Lotto 6/49,2025-12-09,9,34,32,1,42,30,42781444.2,0
Ultra Lotto 6/58,2025-12-09,22,47,26,29,36,8,49500000.0,0
Grand Lotto 6/55,2025-12-10,53,30,6,17,11,45,195803522.2,0
Mega Lotto 6/45,2025-12-10,30,42,15,25,40,28,17420554.6,0
Lotto 6/42,2025-12-11,36,26,31,3,28,21,39894086.8,0
Super Lotto 6/49,2025-12-11,34,45,48,31,30,44,46850654.0,0
Mega Lotto 6/45,2025-12-12,27,10,24,6,25,20,21235078.2,0
Ultra Lotto 6/58,2025-12-12,27,45,48,40,15,58,49500000.0,0
Grand Lotto 6/55,2025-12-13,46,52,9,37,40,17,204170773.4,0
Lotto 6/42,2025-12-13,18,3,10,33,17,22,44542378.2,0
Super Lotto 6/49,2025-12-14,42,43,37,9,45,36,51519188.2,0
Ultra Lotto 6/58,2025-12-14,49,43,14,6,18,19,49500000.0,0
Grand Lotto 6/55,2025-12-15,25,54,15,38,45,28,212219015.8,0
Mega Lotto 6/45,2025-12-15,10,21,23,30,1,15,25111918.2,1
Lotto 6/42,2025-12-16,15,19,24,41,42,5,49195100.4,1
Super Lotto 6/49,2025-12-16,10,30,13,19,32,26,55343237.6,0
Ultra Lotto 6/58,2025-12-16,35,37,14,1,43,12,49500000.0,0
Grand Lotto 6/55,2025-12-17,14,8,1,51,39,48,220987758.2,0
Mega Lotto 6/45,2025-12-17,36,27,7,4,35,14,8910000.0,0
Lotto 6/42,2025-12-18,3,39,17,6,10,26,5940000.0,0
Super Lotto 6/49,2025-12-18,17,32,7,25,45,21,60281173.2,0
Mega Lotto 6/45,2025-12-19,7,43,35,44,33,41,8910000.0,0
Ultra Lotto 6/58,2025-12-19,35,23,50,7,31,2,49500000.0,0
Grand Lotto 6/55,2025-12-20,5,45,3,35,49,42,230550309.0,0
Lotto 6/42,2025-12-20,3,22,21,33,4,17,6504897.6,0
Super Lotto 6/49,2025-12-21,24,49,6,21,4,33,65546126.0,0
Ultra Lotto 6/58,2025-12-21,8,42,51,14,17,49,49500000.0,0
Grand Lotto 6/55,2025-12-22,53,38,23,1,10,18,240001724.6,0
Mega Lotto 6/45,2025-12-22,4,41,15,16,14,36,10504328.8,0
Lotto 6/42,2025-12-23,20,2,29,31,19,12,9716215.4,0
Super Lotto 6/49,2025-12-23,12,10,41,16,4,27,70588118.9,0
Ultra Lotto 6/58,2025-12-23,6,43,54,12,11,13,49500000.0,0
Grand Lotto 6/55,2025-12-24,18,13,39,51,19,21,248525475.0,0
Mega Lotto 6/45,2025-12-24,27,24,12,18,42,3,13829620.6,1
Lotto 6/42,2025-12-25,18,28,38,42,12,11,11271463.8,0
Super Lotto 6/49,2025-12-25,44,3,29,45,34,16,73000006.1,0
Mega Lotto 6/45,2025-12-26,36,20,18,32,6,24,8910000.0,0
Ultra Lotto 6/58,2025-12-26,17,4,50,19,46,28,49500000.0,0
Grand Lotto 6/55,2025-12-27,41,16,45,20,52,1,258798014.2,0
Lotto 6/42,2025-12-27,27,20,4,35,19,42,15202187.8,0
Super Lotto 6/49,2025-12-28,14,21,39,34,1,18,78914953.1,0
Ultra Lotto 6/58,2025-12-28,28,44,31,12,3,23,49500000.0,0
Grand Lotto 6/55,2025-12-29,44,25,14,52,45,38,269216884.2,0
Mega Lotto 6/45,2025-12-29,5,35,19,38,34,8,8910000.0,0
Lotto 6/42,2025-12-30,6,32,29,24,37,4,19004723.6,1
Super Lotto 6/49,2025-12-30,8,5,36,24,29,39,83958495.3,0
Ultra Lotto 6/58,2025-12-30,20,51,13,56,37,49,202600000.0,0
Grand Lotto 6/55,2025-12-31,50,1,41,40,32,35,278486984.6,0
Mega Lotto 6/45,2025-12-31,11,20,17,22,8,26,11021530.0,0
Lotto 6/42,2026-01-01,34,35,38,1,18,41,5940000.0,1
Super Lotto 6/49,2026-01-01,23,30,19,18,41,21,86393934.3,0
Mega Lotto 6/45,2026-01-02,44,21,19,10,18,11,14435567.0,1
Ultra Lotto 6/58,2026-01-02,44,56,17,24,30,53,202600000.0,0
Grand Lotto 6/55,2026-01-03,13,42,6,45,24,33,288616075.0,1
Lotto 6/42,2026-01-03,41,18,32,23,10,39,5940000.0,0
Super Lotto 6/49,2026-01-04,35,19,13,39,23,24,91996756.7,0
Ultra Lotto 6/58,2026-01-04,19,50,20,51,37,52,202600000.0,0
Grand Lotto 6/55,2026-01-05,20,15,33,50,3,45,29700000.0,0
Mega Lotto 6/45,2026-01-05,9,2,3,27,21,45,8910000.0,0
Lotto 6/42,2026-01-06,11,34,9,38,12,10,6550096.0,0
Super Lotto 6/49,2026-01-06,48,33,27,18,5,36,97432130.7,0
Ultra Lotto 6/58,2026-01-06,12,30,3,8,34,54,209639379.6,0
Grand Lotto 6/55,2026-01-07,34,41,44,37,38,19,29700000.0,0
Mega Lotto 6/45,2026-01-07,6,3,7,24,21,9,8910000.0,0
Lotto 6/42,2026-01-08,29,32,13,17,11,9,10042884.6,1
Super Lotto 6/49,2026-01-08,9,11,30,12,24,26,104548763.1,2
Mega Lotto 6/45,2026-01-09,43,35,18,16,25,13,11187537.0,0
Ultra Lotto 6/58,2026-01-09,33,15,57,23,30,53,218282070.8,0
Grand Lotto 6/55,2026-01-10,32,13,31,8,14,44,29700000.0,0
Lotto 6/42,2026-01-10,20,8,10,1,4,24,5940000.0,2
Super Lotto 6/49,2026-01-11,32,26,12,22,30,36,15840000.0,0
Ultra Lotto 6/58,2026-01-11,44,51,31,32,9,35,226887463.2,0
Grand Lotto 6/55,2026-01-12,47,43,36,9,7,11,29700000.0,0
Mega Lotto 6/45,2026-01-12,9,5,11,21,6,2,15293132.0,0
Lotto 6/42,2026-01-13,20,3,29,15,39,19,5940000.0,0
Super Lotto 6/49,2026-01-13,15,28,26,6,27,25,15840000.0,1
Ultra Lotto 6/58,2026-01-13,28,44,11,43,33,45,235429574.8,0
Grand Lotto 6/55,2026-01-14,2,48,43,41,42,11,29700000.0,0
Mega Lotto 6/45,2026-01-14,43,5,10,3,16,4,19437030.2,0
Lotto 6/42,2026-01-15,22,11,6,4,20,3,6542028.2,0
Super Lotto 6/49,2026-01-15,14,24,10,5,15,11,15840000.0,1
Mega Lotto 6/45,2026-01-16,42,31,6,10,40,37,23773759.6,0
Ultra Lotto 6/58,2026-01-16,17,5,35,15,19,37,245418490.0,0
Grand Lotto 6/55,2026-01-17,40,7,49,19,34,23,29700000.0,0
Lotto 6/42,2026-01-17,4,3,23,11,18,35,10373797.4,0
Super Lotto 6/49,2026-01-18,35,32,20,37,5,19,15840000.0,0
Ultra Lotto 6/58,2026-01-18,38,55,56,2,22,3,254932636.4,0
Grand Lotto 6/55,2026-01-19,28,9,41,22,48,7,29700000.0,0
Mega Lotto 6/45,2026-01-19,3,15,41,10,43,17,28466081.2,0
Lotto 6/42,2026-01-20,5,2,3,14,12,6,13872684.0,0
Super Lotto 6/49,2026-01-20,5,15,23,2,3,4,15840000.0,0
Ultra Lotto 6/58,2026-01-20,54,52,5,22,49,20,264032272.0,0
Grand Lotto 6/55,2026-01-21,34,28,48,25,55,3,33193409.2,0
Mega Lotto 6/45,2026-01-21,28,12,2,15,23,13,33350760.4,2
Lotto 6/42,2026-01-22,18,24,27,39,40,21,18289720.8,0
Super Lotto 6/49,2026-01-22,10,26,24,36,1,48,15840000.0,0
Mega Lotto 6/45,2026-01-23,16,1,31,27,4,43,8910000.0,0
Ultra Lotto 6/58,2026-01-23,8,33,21,13,19,25,274658188.4,0
Grand Lotto 6/55,2026-01-24,24,19,16,33,36,6,37485292.6,0
Lotto 6/42,2026-01-24,21,6,41,34,17,28,22792270.0,0
Super Lotto 6/49,2026-01-25,42,44,23,3,31,26,15840000.0,0
Ultra Lotto 6/58,2026-01-25,39,37,4,11,2,9,284636402.8,2
Grand Lotto 6/55,2026-01-26,19,1,37,7,41,51,41941563.2,0
Mega Lotto 6/45,2026-01-26,25,22,24,42,4,33,8910000.0,0
Lotto 6/42,2026-01-27,23,34,17,35,1,27,27507160.0,0
Super Lotto 6/49,2026-01-27,41,23,26,33,10,20,18196920.2,0
Ultra Lotto 6/58,2026-01-27,25,50,6,46,27,7,49500000.0,0
Grand Lotto 6/55,2026-01-28,13,53,36,11,39,15,46526553.8,0
Mega Lotto 6/45,2026-01-28,27,35,9,8,4,3,11144094.8,0
Lotto 6/42,2026-01-29,16,28,8,23,42,20,32894927.4,1
Super Lotto 6/49,2026-01-29,10,34,7,15,5,31,21827053.8,0
Mega Lotto 6/45,2026-01-30,4,3,8,42,40,33,15223148.6,0
Ultra Lotto 6/58,2026-01-30,2,45,43,57,44,49,49500000.0,0
Grand Lotto 6/55,2026-01-31,54,37,20,15,21,10,51794060.0,1
Lotto 6/42,2026-01-31,23,27,16,20,28,21,5940000.0,1
Super Lotto 6/49,2026-02-01,8,10,15,25,21,2,26094363.75,0
Ultra Lotto 6/58,2026-02-01,30,17,20,28,55,23,75000000.0,0
Grand Lotto 6/55,2026-02-02,44,30,17,1,19,50,45000000.0,0
Mega Lotto 6/45,2026-02-02,25,6,21,1,28,10,19623493.37,0
Lotto 6/42,2026-02-03,33,14,10,15,24,12,10000000.0,0
Super Lotto 6/49,2026-02-03,39,15,2,12,7,18,29801761.84,0
Ultra Lotto 6/58,2026-02-03,35,55,40,12,13,31,75000000.0,0
Grand Lotto 6/55,2026-02-04,45,49,33,43,38,54,45000000.0,0
Mega Lotto 6/45,2026-02-04,3,12,31,43,22,11,24129169.85,0
Lotto 6/42,2026-02-05,10,36,30,16,29,39,10000000.0,0
Super Lotto 6/49,2026-02-05,12,42,17,49,16,36,34512702.58,0
Mega Lotto 6/45,2026-02-06,38,35,2,44,22,39,28320023.07,0
Ultra Lotto 6/58,2026-02-06,50,28,37,34,6,11,75000000.0,0
Grand Lotto 6/55,2026-02-07,55,2,43,10,14,13,45000000.0,0
Lotto 6/42,2026-02-07,42,10,5,13,20,19,11235564.13,1
Super Lotto 6/49,2026-02-08,14,39,4,34,11,9,38903429.56,0
Ultra Lotto 6/58,2026-02-08,58,35,30,29,13,21,75000000.0,0
Grand Lotto 6/55,2026-02-09,44,39,47,31,26,2,45000000.0,0
Mega Lotto 6/45,2026-02-09,4,14,30,20,18,13,32709413.77,0
Lotto 6/42,2026-02-10,17,3,36,42,1,34,10000000.0,0
Super Lotto 6/49,2026-02-10,28,3,27,34,30,20,42401917.45,0
Ultra Lotto 6/58,2026-02-10,54,26,37,35,31,29,75000000.0,0
Grand Lotto 6/55,2026-02-11,3,14,25,13,23,22,45000000.0,0
Mega Lotto 6/45,2026-02-11,17,15,32,45,40,12,37032365.47,1
Lotto 6/42,2026-02-12,40,23,20,28,36,7,10000000.0,0
Super Lotto 6/49,2026-02-12,2,37,24,21,36,40,47053715.16,0
Mega Lotto 6/45,2026-02-13,45,8,43,3,6,32,15000000.0,0
Ultra Lotto 6/58,2026-02-13,50,41,18,34,40,58,75000000.0,0
Grand Lotto 6/55,2026-02-14,42,41,48,24,22,44,45000000.0,0
Lotto 6/42,2026-02-14,22,8,9,12,30,32,10097279.28,0
Super Lotto 6/49,2026-02-15,27,48,40,3,25,15,51672278.94,0
Ultra Lotto 6/58,2026-02-15,56,26,57,33,52,23,75000000.0,0
Grand Lotto 6/55,2026-02-16,35,16,54,21,4,6,45000000.0,0
Mega Lotto 6/45,2026-02-16,21,17,10,6,3,34,15000000.0,0
Lotto 6/42,2026-02-17,12,22,36,3,41,37,13223463.01,0
Super Lotto 6/49,2026-02-17,17,45,15,49,26,40,55580313.8,0
Ultra Lotto 6/58,2026-02-17,30,32,56,43,27,50,75000000.0,0
Grand Lotto 6/55,2026-02-18,14,28,37,41,10,51,45000000.0,0
Mega Lotto 6/45,2026-02-18,35,5,45,4,38,23,15000000.0,1
Lotto 6/42,2026-02-19,38,22,41,26,13,21,16668379.85,0
Super Lotto 6/49,2026-02-19,9,31,40,34,42,43,60336205.73,0
Mega Lotto 6/45,2026-02-20,2,31,14,20,28,17,15000000.0,0
Ultra Lotto 6/58,2026-02-20,28,48,51,58,56,53,75000000.0,0
Grand Lotto 6/55,2026-02-21,9,23,3,49,50,1,45000000.0,2
Lotto 6/42,2026-02-21,33,38,15,20,41,37,20493989.78,0
Super Lotto 6/49,2026-02-22,14,17,5,2,43,16,65058018.25,0
Ultra Lotto 6/58,2026-02-22,36,43,13,3,12,30,75000000.0,0
Grand Lotto 6/55,2026-02-23,20,23,5,35,33,45,45000000.0,0
Mega Lotto 6/45,2026-02-23,39,40,30,4,17,22,15000000.0,0
Lotto 6/42,2026-02-24,24,12,4,35,41,15,23814718.62,0
Super Lotto 6/49,2026-02-24,20,6,42,13,47,28,68974817.33,0
Ultra Lotto 6/58,2026-02-24,47,26,30,41,27,49,75000000.0,0
Grand Lotto 6/55,2026-02-25,23,17,52,4,34,27,45000000.0,0
Mega Lotto 6/45,2026-02-25,40,3,25,15,22,2,15000000.0,0
Lotto 6/42,2026-02-26,9,2,11,41,20,27,27487043.32,0
Super Lotto 6/49,2026-02-26,22,44,13,30,26,46,73767003.45,0
Mega Lotto 6/45,2026-02-27,39,30,26,29,43,15,15000000.0,0
Ultra Lotto 6/58,2026-02-27,51,32,19,41,12,1,75000000.0,0
Grand Lotto 6/55,2026-02-28,14,51,28,6,27,8,45000000.0,0
Lotto 6/42,2026-02-28,30,41,20,21,34,39,31696439.58,0
Super Lotto 6/49,2026-03-01,19,23,6,17,12,37,79105520.27,0
Ultra Lotto 6/58,2026-03-01,33,57,47,7,31,23,75000000.0,0
Grand Lotto 6/55,2026-03-02,5,7,18,33,38,27,45000000.0,0
Mega Lotto 6/45,2026-03-02,12,25,45,40,33,27,17977214.41,1
Lotto 6/42,2026-03-03,20,27,42,16,37,41,35411962.61,0
Super Lotto 6/49,2026-03-03,2,44,13,29,8,41,83669465.41,0
Ultra Lotto 6/58,2026-03-03,30,40,1,24,4,21,75000000.0,0
Grand Lotto 6/55,2026-03-04,33,13,44,50,47,42,45000000.0,0
Mega Lotto 6/45,2026-03-04,8,28,18,6,35,42,15000000.0,0
Lotto 6/42,2026-03-05,33,32,18,1,10,4,39385042.44,1
Super Lotto 6/49,2026-03-05,23,37,48,44,39,25,88820774.31,0
Mega Lotto 6/45,2026-03-06,33,37,2,27,4,31,15000000.0,0
Ultra Lotto 6/58,2026-03-06,37,34,13,26,6,54,79557596.52,0
Grand Lotto 6/55,2026-03-07,17,44,2,5,28,45,45000000.0,0
Lotto 6/42,2026-03-07,40,33,31,16,12,14,10000000.0,0
Super Lotto 6/49,2026-03-08,32,14,13,7,15,26,94530914.78,0
Ultra Lotto 6/58,2026-03-08,44,7,9,28,6,17,83702401.48,0
Grand Lotto 6/55,2026-03-09,38,32,8,20,19,9,45000000.0,1
Mega Lotto 6/45,2026-03-09,23,24,3,38,4,21,15000000.0,0
Lotto 6/42,2026-03-10,3,29,12,33,10,16,10000000.0,0
Super Lotto 6/49,2026-03-10,42,46,32,19,44,16,99658844.67,0
Ultra Lotto 6/58,2026-03-10,42,58,35,2,51,26,87396535.7,0
Grand Lotto 6/55,2026-03-11,50,24,34,21,45,3,45000000.0,0
Mega Lotto 6/45,2026-03-11,19,36,10,23,31,20,15000000.0,0
Lotto 6/42,2026-03-12,35,2,40,36,13,16,10000000.0,0
Super Lotto 6/49,2026-03-12,38,34,3,1,10,41,105623506.83,0
Mega Lotto 6/45,2026-03-13,32,5,14,42,41,37,17127699.35,0
Ultra Lotto 6/58,2026-03-13,6,17,12,58,15,11,92255713.46,0
Grand Lotto 6/55,2026-03-14,24,33,48,42,5,22,45000000.0,0
Lotto 6/42,2026-03-14,26,13,35,11,18,32,12747984.35,0
Super Lotto 6/49,2026-03-15,23,9,25,32,22,24,112171638.12,0
Ultra Lotto 6/58,2026-03-15,51,54,37,36,42,57,96526694.36,0
Grand Lotto 6/55,2026-03-16,42,27,16,54,50,20,45000000.0,0
Mega Lotto 6/45,2026-03-16,45,34,6,14,24,8,20803484.37,1
Lotto 6/42,2026-03-17,17,36,5,7,8,38,15639575.61,0
Super Lotto 6/49,2026-03-17,33,9,22,37,44,25,117854307.91,0
Ultra Lotto 6/58,2026-03-17,29,52,49,55,25,9,100331631.91,1
Grand Lotto 6/55,2026-03-18,5,6,15,53,17,55,45000000.0,0
Mega Lotto 6/45,2026-03-18,10,34,1,12,45,41,15000000.0,0
Lotto 6/42,2026-03-19,25,29,17,41,23,13,18861406.9,1
Super Lotto 6/49,2026-03-19,21,20,32,4,43,13,124187419.45,0
Mega Lotto 6/45,2026-03-20,31,28,19,25,4,3,15000000.0,0
Ultra Lotto 6/58,2026-03-20,47,19,23,34,20,37,75000000.0,0
Grand Lotto 6/55,2026-03-21,2,18,47,12,32,11,45000000.0,0
Lotto 6/42,2026-03-21,18,12,37,2,30,24,10000000.0,1
Super Lotto 6/49,2026-03-22,31,16,45,10,47,32,131201705.31,0
Ultra Lotto 6/58,2026-03-22,14,8,22,50,58,19,75000000.0,0
Grand Lotto 6/55,2026-03-23,43,33,10,26,42,14,45000000.0,0
Mega Lotto 6/45,2026-03-23,24,43,28,8,4,27,15000000.0,0
Lotto 6/42,2026-03-24,13,41,27,29,42,8,10000000.0,0
Super Lotto 6/49,2026-03-24,31,16,32,19,45,26,137337665.06,0
Ultra Lotto 6/58,2026-03-24,16,20,12,18,48,50,75000000.0,0
Grand Lotto 6/55,2026-03-25,29,25,44,39,13,5,45000000.0,0
Mega Lotto 6/45,2026-03-25,17,24,15,29,10,5,15000000.0,1
Lotto 6/42,2026-03-26,29,15,3,18,23,30,10000000.0,0
Super Lotto 6/49,2026-03-26,46,4,19,25,33,2,144085930.99,0
Mega Lotto 6/45,2026-03-27,19,38,36,31,27,2,15000000.0,0
Ultra Lotto 6/58,2026-03-27,12,57,16,1,42,51,75000000.0,0
Grand Lotto 6/55,2026-03-28,1,18,51,19,21,5,45000000.0,0
Lotto 6/42,2026-03-28,11,23,9,5,1,3,10000000.0,1
Super Lotto 6/49,2026-03-29,15,9,33,18,22,6,151405859.6,0
Ultra Lotto 6/58,2026-03-29,45,49,34,52,9,28,75000000.0,0
Grand Lotto 6/55,2026-03-30,27,34,31,54,23,3,45000000.0,0
Mega Lotto 6/45,2026-03-30,3,27,24,7,43,13,15000000.0,0
Lotto 6/42,2026-03-31,16,22,3,30,36,4,10000000.0,0
Super Lotto 6/49,2026-03-31,22,42,18,28,8,17,157949154.16,0
Ultra Lotto 6/58,2026-03-31,36,7,29,26,58,9,75000000.0,0
Grand Lotto 6/55,2026-04-01,32,42,17,55,50,19,45000000.0,0
Mega Lotto 6/45,2026-04-01,20,11,17,16,3,37,15000000.0,0
Super Lotto 6/49,2026-04-05,39,30,18,29,44,42,164359332.52,0
Ultra Lotto 6/58,2026-04-05,33,40,53,22,32,8,75000000.0,0
Grand Lotto 6/55,2026-04-06,54,28,47,36,35,29,45000000.0,0
Mega Lotto 6/45,2026-04-06,13,33,37,10,44,19,15000000.0,0
Lotto 6/42,2026-04-07,6,37,23,2,39,31,10000000.0,1
Super Lotto 6/49,2026-04-07,25,4,46,44,28,36,171028544.44,1
Ultra Lotto 6/58,2026-04-07,17,31,50,43,15,10,75000000.0,0
Grand Lotto 6/55,2026-04-08,23,24,9,40,13,17,45000000.0,0
Mega Lotto 6/45,2026-04-08,22,25,37,15,5,28,16222728.43,0
Lotto 6/42,2026-04-09,41,38,3,5,11,6,10000000.0,0
Super Lotto 6/49,2026-04-09,10,27,28,2,14,6,25000000.0,0
Mega Lotto 6/45,2026-04-10,16,19,9,7,5,44,19548917.9,0
Ultra Lotto 6/58,2026-04-10,50,6,14,24,57,38,75000000.0,0
Grand Lotto 6/55,2026-04-11,52,10,50,53,26,28,45000000.0,0
Lotto 6/42,2026-04-11,20,17,39,35,10,34,10000000.0,0
Super Lotto 6/49,2026-04-12,49,29,7,26,43,48,25000000.0,0
Ultra Lotto 6/58,2026-04-12,2,21,42,34,31,8,75000000.0,0
Grand Lotto 6/55,2026-04-13,51,54,39,50,24,40,48290931.86,0
Mega Lotto 6/45,2026-04-13,39,19,26,17,2,44,23059737.57,0
Lotto 6/42,2026-04-14,15,9,17,12,10,7,10000000.0,0
Super Lotto 6/49,2026-04-14,23,47,11,35,38,20,25000000.0,0
Ultra Lotto 6/58,2026-04-14,30,19,20,58,9,22,75000000.0,0
Grand Lotto 6/55,2026-04-15,32,43,20,46,9,15,51762661.04,0
Mega Lotto 6/45,2026-04-15,27,21,26,37,39,43,26616490.02,0
Lotto 6/42,2026-04-16,42,41,17,27,6,7,11897182.5,0
Super Lotto 6/49,2026-04-16,27,35,24,31,9,34,25000000.0,0
Mega Lotto 6/45,2026-04-17,41,12,32,8,30,24,30311222.26,0
Ultra Lotto 6/58,2026-04-17,24,28,20,52,26,36,75000000.0,0
Grand Lotto 6/55,2026-04-18,4,25,9,54,15,31,55224665.03,0
Lotto 6/42,2026-04-18,21,35,29,5,36,37,14893152.56,0
Super Lotto 6/49,2026-04-19,16,43,21,35,14,37,25000000.0,0
Ultra Lotto 6/58,2026-04-19,40,50,13,33,15,58,75000000.0,0
Grand Lotto 6/55,2026-04-20,33,36,17,40,22,45,58762800.2,0
Mega Lotto 6/45,2026-04-20,34,12,29,8,27,17,34154880.29,0
Lotto 6/42,2026-04-21,22,4,33,11,9,15,17860503.83,0
Super Lotto 6/49,2026-04-21,45,10,36,43,13,19,25000000.0,0
Ultra Lotto 6/58,2026-04-21,58,34,43,5,40,3,75000000.0,0
Grand Lotto 6/55,2026-04-22,30,43,51,44,46,32,62292600.08,0
Mega Lotto 6/45,2026-04-22,10,37,11,43,18,15,37882594.88,0
Lotto 6/42,2026-04-23,9,23,41,37,24,10,21185563.23,0
Super Lotto 6/49,2026-04-23,11,35,40,1,18,8,25000000.0,0
Mega Lotto 6/45,2026-04-24,41,15,38,11,33,43,41679165.33,0
Ultra Lotto 6/58,2026-04-24,37,42,36,21,47,27,75000000.0,0
Grand Lotto 6/55,2026-04-25,41,43,35,15,10,40,66008898.49,0
Lotto 6/42,2026-04-25,26,32,19,1,22,17,24655209.6,0
Super Lotto 6/49,2026-04-26,44,48,9,33,1,34,27509805.53,0
Ultra Lotto 6/58,2026-04-26,48,56,29,39,55,45,75000000.0,0
Grand Lotto 6/55,2026-04-27,43,19,20,12,21,51,69508293.74,0
Mega Lotto 6/45,2026-04-27,6,4,5,27,34,11,45568562.29,2
Lotto 6/42,2026-04-28,15,9,12,16,37,35,27872450.5,0
Super Lotto 6/49,2026-04-28,27,9,34,5,16,42,30227489.87,0
Ultra Lotto 6/58,2026-04-28,9,47,32,39,45,33,75000000.0,0
Grand Lotto 6/55,2026-04-29,42,2,54,35,41,49,73371278.43,0
Mega Lotto 6/45,2026-04-29,27,35,23,22,43,33,15000000.0,0
Lotto 6/42,2026-04-30,7,24,41,42,29,40,31621223.97,0
Super Lotto 6/49,2026-04-30,40,41,24,23,46,42,33781767.72,0
Mega Lotto 6/45,2026-05-01,19,8,23,41,4,11,15000000.0,0
Ultra Lotto 6/58,2026-05-01,53,37,16,45,5,29,75000000.0,0
Grand Lotto 6/55,2026-05-02,48,33,17,2,37,10,77324854.25,0
Lotto 6/42,2026-05-02,22,34,42,19,3,25,35467492.71,1
Super Lotto 6/49,2026-05-03,37,35,44,47,43,14,37460171.7,0
Ultra Lotto 6/58,2026-05-03,32,53,51,15,36,17,75000000.0,0
Grand Lotto 6/55,2026-05-04,33,13,47,46,17,25,81488086.77,0
Mega Lotto 6/45,2026-05-04,34,28,21,41,8,5,15000000.0,0
Lotto 6/42,2026-05-05,31,28,19,3,2,4,10000000.0,1
Super Lotto 6/49,2026-05-05,44,3,8,31,6,49,40607323.57,1
Ultra Lotto 6/58,2026-05-05,1,58,25,43,26,16,76305973.15,10
Grand Lotto 6/55,2026-05-06,5,40,27,24,55,22,85767922.62,0
Mega Lotto 6/45,2026-05-06,1,3,24,18,11,10,15000000.0,1
Lotto 6/42,2026-05-07,28,20,36,29,11,27,10000000.0,0
Super Lotto 6/49,2026-05-07,47,11,24,33,48,2,25000000.0,0
Mega Lotto 6/45,2026-05-08,4,32,23,12,22,9,15000000.0,0
Ultra Lotto 6/58,2026-05-08,35,20,54,51,8,2,75000000.0,0
Grand Lotto 6/55,2026-05-09,42,48,19,43,5,2,90484406.48,0
Lotto 6/42,2026-05-09,27,6,42,13,12,4,10000000.0,0
Super Lotto 6/49,2026-05-10,3,16,11,4,14,38,25000000.0,1
Ultra Lotto 6/58,2026-05-10,54,45,8,21,52,31,75000000.0,0
Grand Lotto 6/55,2026-05-11,40,52,32,46,20,7,95026257.54,0
Mega Lotto 6/45,2026-05-11,19,21,39,41,38,44,15000000.0,0
Lotto 6/42,2026-05-12,41,38,12,14,37,25,10000000.0,0
Super Lotto 6/49,2026-05-12,24,15,6,44,40,23,25000000.0,0
Ultra Lotto 6/58,2026-05-12,56,16,28,36,50,25,75000000.0,0
Grand Lotto 6/55,2026-05-13,39,29,45,2,38,43,99516506.24,0
Mega Lotto 6/45,2026-05-13,31,33,45,29,16,23,15000000.0,0
Lotto 6/42,2026-05-14,23,40,20,6,34,33,11439487.99,0
Super Lotto 6/49,2026-05-14,4,25,24,12,19,43,25000000.0,0
Mega Lotto 6/45,2026-05-15,12,27,42,33,15,1,15000000.0,0
Ultra Lotto 6/58,2026-05-15,2,1,38,15,14,47,75000000.0,0
Grand Lotto 6/55,2026-05-16,9,6,19,46,39,48,104852560.66,0
Lotto 6/42,2026-05-16,7,28,26,32,25,12,14559320.23,0
Super Lotto 6/49,2026-05-17,27,14,46,18,11,17,25000000.0,0
Ultra Lotto 6/58,2026-05-17,39,37,35,45,16,52,75000000.0,0
Grand Lotto 6/55,2026-05-18,47,44,26,29,38,51,110063860.04,0
Mega Lotto 6/45,2026-05-18,39,24,7,4,37,23,15451056.13,0
Lotto 6/42,2026-05-19,15,6,31,16,22,25,17376838.36,0
Super Lotto 6/49,2026-05-19,49,35,44,4,14,5,25000000.0,0
Ultra Lotto 6/58,2026-05-19,6,38,9,26,48,14,75000000.0,0
Grand Lotto 6/55,2026-05-20,41,8,45,27,9,10,115358791.87,1
Mega Lotto 6/45,2026-05-20,16,45,11,32,23,37,18546872.34,0
Lotto 6/42,2026-05-21,33,8,5,17,18,41,20654909.15,0
Super Lotto 6/49,2026-05-21,9,28,21,2,37,23,25000000.0,0
Mega Lotto 6/45,2026-05-22,27,9,42,37,34,3,21822707.74,0
Ultra Lotto 6/58,2026-05-22,45,20,16,33,40,28,75000000.0,0
Grand Lotto 6/55,2026-05-23,52,36,38,12,48,42,45000000.0,0
Lotto 6/42,2026-05-23,12,18,3,17,5,8,24158156.53,1
Super Lotto 6/49,2026-05-24,33,24,12,13,4,9,25000000.0,1
Ultra Lotto 6/58,2026-05-24,50,12,20,57,14,21,75000000.0,0
Grand Lotto 6/55,2026-05-25,48,42,23,18,55,33,45000000.0,0
Mega Lotto 6/45,2026-05-25,21,13,43,28,5,17,25359201.44,0
Lotto 6/42,2026-05-26,15,8,34,13,25,38,10000000.0,0
Super Lotto 6/49,2026-05-26,10,49,30,21,48,45,25000000.0,0
Ultra Lotto 6/58,2026-05-26,2,11,12,16,55,46,75000000.0,0
Grand Lotto 6/55,2026-05-27,33,46,43,19,38,42,45000000.0,0
Mega Lotto 6/45,2026-05-27,23,8,9,36,43,18,28760977.68,0
Lotto 6/42,2026-05-28,39,38,34,21,10,3,10000000.0,0
Super Lotto 6/49,2026-05-28,39,40,1,47,29,17,25000000.0,0
Mega Lotto 6/45,2026-05-29,27,45,38,35,25,10,32333006.68,0
Ultra Lotto 6/58,2026-05-29,47,21,43,20,5,37,75000000.0,0
Grand Lotto 6/55,2026-05-30,19,37,21,39,9,22,45000000.0,0
Lotto 6/42,2026-05-30,3,21,2,14,33,1,10000000.0,0
Super Lotto 6/49,2026-05-31,18,21,7,43,11,3,25000000.0,0
Ultra Lotto 6/58,2026-05-31,9,53,43,39,3,47,75000000.0,0
Grand Lotto 6/55,2026-06-01,36,4,9,44,42,24,45000000.0,0
Mega Lotto 6/45,2026-06-01,28,38,41,35,40,5,36124029.88,0
Lotto 6/42,2026-06-02,18,16,37,13,35,23,11344599.3,0
Super Lotto 6/49,2026-06-02,36,27,5,14,40,8,25000000.0,0
Ultra Lotto 6/58,2026-06-02,39,36,12,41,4,20,75000000.0,0
Grand Lotto 6/55,2026-06-03,19,42,53,2,46,3,45000000.0,0
Mega Lotto 6/45,2026-06-03,23,45,6,18,4,2,39948344.77,0
Lotto 6/42,2026-06-04,2,39,30,10,14,29,14404418.27,0
Super Lotto 6/49,2026-06-04,27,3,2,11,16,25,25000000.0,0
Mega Lotto 6/45,2026-06-05,1,38,18,42,4,44,43744766.73,0
Ultra Lotto 6/58,2026-06-05,20,45,13,31,7,27,75000000.0,0
Grand Lotto 6/55,2026-06-06,32,36,29,19,8,30,45000000.0,0
Lotto 6/42,2026-06-06,33,38,34,28,36,7,17763940.65,0
Super Lotto 6/49,2026-06-07,41,31,44,25,42,33,25000000.0,0
Ultra Lotto 6/58,2026-06-07,53,1,4,45,51,22,75000000.0,0
Grand Lotto 6/55,2026-06-08,50,43,24,1,7,15,45000000.0,0
Mega Lotto 6/45,2026-06-08,20,27,43,15,4,14,47913154.68,0
Lotto 6/42,2026-06-09,40,3,36,41,28,18,20676273.22,0
Super Lotto 6/49,2026-06-09,43,22,15,4,3,17,25000000.0,0
Ultra Lotto 6/58,2026-06-09,42,7,23,41,56,44,75000000.0,0
Grand Lotto 6/55,2026-06-10,53,19,8,34,38,52,45000000.0,0
Mega Lotto 6/45,2026-06-10,14,45,44,42,28,20,52078362.76,0
Lotto 6/42,2026-06-11,12,22,24,38,7,13,23936399.01,0
Super Lotto 6/49,2026-06-11,40,13,14,24,8,21,25000000.0,0
Mega Lotto 6/45,2026-06-12,44,13,22,14,4,33,55974482.4,0
Ultra Lotto 6/58,2026-06-12,40,27,10,9,53,29,128000000.0,0
Grand Lotto 6/55,2026-06-13,16,43,21,22,26,50,45000000.0,0
Lotto 6/42,2026-06-13,17,42,13,36,1,31,27366567.2,0
Super Lotto 6/49,2026-06-14,16,7,47,8,4,6,28161459.51,0
Ultra Lotto 6/58,2026-06-14,17,3,25,57,30,43,128000000.0,0
Grand Lotto 6/55,2026-06-15,8,44,43,24,4,11,45000000.0,0
Mega Lotto 6/45,2026-06-15,44,14,10,21,35,18,60460246.55,0
Lotto 6/42,2026-06-16,35,38,39,32,37,16,30572565.16,0
Super Lotto 6/49,2026-06-16,28,20,36,33,2,17,30733975.33,0
Ultra Lotto 6/58,2026-06-16,26,8,55,48,5,51,128000000.0,0
Grand Lotto 6/55,2026-06-17,55,31,46,37,48,1,45000000.0,0
Mega Lotto 6/45,2026-06-17,34,35,9,10,19,32,65011179.41,0
Lotto 6/42,2026-06-18,7,36,31,3,35,42,34256895.81,0
Super Lotto 6/49,2026-06-18,27,26,21,6,20,16,33840811.77,0
Mega Lotto 6/45,2026-06-19,27,15,9,13,12,8,69223289.48,0
Ultra Lotto 6/58,2026-06-19,43,53,8,45,20,11,128000000.0,0
Grand Lotto 6/55,2026-06-20,24,10,55,36,4,41,45000000.0,0
Lotto 6/42,2026-06-20,24,39,23,5,38,12,38058770.16,0
Super Lotto 6/49,2026-06-21,44,13,27,33,24,42,37124132.84,0
Ultra Lotto 6/58,2026-06-21,15,5,45,11,17,39,128000000.0,0
Grand Lotto 6/55,2026-06-22,37,32,23,35,53,18,45000000.0,0
Mega Lotto 6/45,2026-06-22,28,3,24,31,18,16,73961863.3,0
Lotto 6/42,2026-06-23,30,20,11,7,36,1,41522778.58,0
Super Lotto 6/49,2026-06-23,44,8,32,42,12,27,39677280.77,0
Ultra Lotto 6/58,2026-06-23,4,21,41,40,39,52,128000000.0,0
Grand Lotto 6/55,2026-06-24,22,51,17,23,54,29,47239909.78,0
Mega Lotto 6/45,2026-06-24,41,29,27,21,33,19,78580468.32,0
Lotto 6/42,2026-06-25,26,35,12,8,25,23,45493326.06,0
Super Lotto 6/49,2026-06-25,49,19,15,46,25,36,42703181.17,0
Mega Lotto 6/45,2026-06-26,9,41,22,45,5,10,83005546.94,0
Ultra Lotto 6/58,2026-06-26,53,54,44,57,51,7,128000000.0,0
Grand Lotto 6/55,2026-06-27,38,27,33,32,49,31,50310159.2,0
Lotto 6/42,2026-06-27,24,31,3,36,35,23,49566536.61,0
Super Lotto 6/49,2026-06-28,32,1,35,23,14,29,46214516.39,0
Ultra Lotto 6/58,2026-06-28,46,56,8,1,3,5,128000000.0,0
Grand Lotto 6/55,2026-06-29,1,17,50,25,26,12,53059980.4,0
Mega Lotto 6/45,2026-06-29,33,13,6,21,18,44,87900272.4,0
Lotto 6/42,2026-06-30,1,10,24,27,8,26,53206155.29,0
Super Lotto 6/49,2026-06-30,26,47,5,44,10,22,48740361.17,0
Ultra Lotto 6/58,2026-06-30,14,43,54,52,11,58,128000000.0,0
Grand Lotto 6/55,2026-07-01,26,42,6,46,44,32,55979823.38,0
Mega Lotto 6/45,2026-07-01,4,2,36,19,24,17,93074075.44,0
Lotto 6/42,2026-07-02,29,9,31,33,19,24,57645619.6,1
Super Lotto 6/49,2026-07-02,23,22,38,5,48,44,51969005.87,0
Mega Lotto 6/45,2026-07-03,43,2,13,5,36,1,97966977.93,1
Ultra Lotto 6/58,2026-07-03,15,25,54,27,8,56,128000000.0,0
Grand Lotto 6/55,2026-07-04,14,15,23,13,45,9,59618683.19,0
Lotto 6/42,2026-07-04,6,5,25,12,23,8,10000000.0,0
Super Lotto 6/49,2026-07-05,14,15,33,40,2,34,55817497.63,0
Ultra Lotto 6/58,2026-07-05,16,38,47,49,33,46,128000000.0,0
Grand Lotto 6/55,2026-07-06,49,4,25,55,18,42,63065055.92,0
Mega Lotto 6/45,2026-07-06,3,36,6,32,16,45,15000000.0,0
Lotto 6/42,2026-07-07,20,16,12,35,5,6,10000000.0,0
Super Lotto 6/49,2026-07-07,26,18,42,19,11,3,58966175.5,0
Ultra Lotto 6/58,2026-07-07,50,22,58,57,43,29,128000000.0,0
Grand Lotto 6/55,2026-07-08,20,32,48,52,46,54,66672826.45,0
Mega Lotto 6/45,2026-07-08,13,5,30,25,22,11,15000000.0,1
Lotto 6/42,2026-07-09,38,29,27,28,42,2,10000000.0,0
Super Lotto 6/49,2026-07-09,44,23,21,16,36,10,63053297.45,0
Mega Lotto 6/45,2026-07-10,43,31,1,44,25,40,15000000.0,0
Ultra Lotto 6/58,2026-07-10,18,58,41,35,46,2,128000000.0,0
Grand Lotto 6/55,2026-07-11,38,47,42,44,31,39,70431947.88,0
Lotto 6/42,2026-07-11,40,21,23,33,41,10,11400166.51,0
Super Lotto 6/49,2026-07-12,17,47,49,46,35,32,66952378.35,0
Ultra Lotto 6/58,2026-07-12,18,4,11,34,43,38,128000000.0,0
Grand Lotto 6/55,2026-07-13,51,15,26,37,6,55,73989083.89,0
Mega Lotto 6/45,2026-07-13,43,32,26,22,16,33,15000000.0,0
Lotto 6/42,2026-07-14,21,27,38,6,18,35,13973560.81,0
Super Lotto 6/49,2026-07-14,18,11,37,22,36,17,70248761.21,0
Ultra Lotto 6/58,2026-07-14,1,23,17,48,58,34,132124267.28,0
Grand Lotto 6/55,2026-07-15,20,3,48,9,33,13,77749422.0,0
Mega Lotto 6/45,2026-07-15,4,24,45,9,44,21,15000000.0,0
Lotto 6/42,2026-07-16,2,13,25,6,30,42,16967295.47,0
Super Lotto 6/49,2026-07-16,5,34,18,26,23,9,74564647.92,0
Mega Lotto 6/45,2026-07-17,17,42,10,15,6,14,15000000.0,0
Ultra Lotto 6/58,2026-07-17,41,10,43,32,54,56,137992907.31,0
Grand Lotto 6/55,2026-07-18,6,2,21,25,44,48,81616980.58,0
Lotto 6/42,2026-07-18,27,32,39,26,12,7,20167956.53,1
Super Lotto 6/49,2026-07-19,2,41,15,28,37,25,78769119.71,0
Ultra Lotto 6/58,2026-07-19,15,1,33,19,8,9,143365843.33,0
Grand Lotto 6/55,2026-07-20,29,20,23,3,14,40,85413885.1,0
Mega Lotto 6/45,2026-07-20,11,38,8,5,19,42,15000000.0,0
Lotto 6/42,2026-07-21,17,41,13,10,38,16,10000000.0,0
Super Lotto 6/49,2026-07-21,48,15,37,44,8,42,82277097.7,0
Ultra Lotto 6/58,2026-07-21,47,49,17,31,28,30,148191891.86,0
Grand Lotto 6/55,2026-07-22,15,24,36,10,48,55,89205403.23,0
Mega Lotto 6/45,2026-07-22,8,14,39,29,1,13,17800795.73,0
Lotto 6/42,2026-07-23,32,3,1,22,33,21,10000000.0,0
Super Lotto 6/49,2026-07-23,39,38,1,36,11,26,86718438.59,0
Mega Lotto 6/45,2026-07-24,14,20,19,31,2,11,20899725.81,1
Ultra Lotto 6/58,2026-07-24,47,54,26,10,5,36,153993280.14,0
Grand Lotto 6/55,2026-07-25,50,5,12,26,2,20,93164926.34,0
Lotto 6/42,2026-07-25,39,27,35,15,19,12,10000000.0,0
Super Lotto 6/49,2026-07-26,4,10,19,14,13,5,91161911.76,1
Ultra Lotto 6/58,2026-07-26,50,11,30,44,33,7,159512434.42,0
Grand Lotto 6/55,2026-07-27,6,53,42,49,55,46,97179402.15,0
Mega Lotto 6/45,2026-07-27,14,42,34,26,5,37,15000000.0,0
Lotto 6/42,2026-07-28,41,3,7,39,25,24,10466741.76,0
Super Lotto 6/49,2026-07-28,5,13,15,37,21,40,25000000.0,0
Ultra Lotto 6/58,2026-07-28,32,48,34,55,30,7,164653649.18,0
Grand Lotto 6/55,2026-07-29,9,4,33,23,46,14,101243333.98,0
Mega Lotto 6/45,2026-07-29,22,39,43,7,13,8,15000000.0,0
Lotto 6/42,2026-07-30,26,17,23,39,15,38,13369052.18,0
Super Lotto 6/49,2026-07-30,36,25,44,2,47,1,25069159.31,0
Mega Lotto 6/45,2026-07-31,5,8,29,12,38,31,15000000.0,0
Ultra Lotto 6/58,2026-07-31,15,18,36,54,11,52,170883452.24,0
Grand Lotto 6/55,2026-08-01,48,28,49,44,54,38,106120099.39,0
Lotto 6/42,2026-08-01,1,10,18,2,28,39,16531794.06,0
Super Lotto 6/49,2026-08-02,37,16,1,23,35,7,25135988.04,0
Ultra Lotto 6/58,2026-08-02,41,38,9,23,24,35,176930017.96,0
Grand Lotto 6/55,2026-08-03,53,2,17,44,34,5,110824717.35,0
Mega Lotto 6/45,2026-08-03,27,29,34,8,32,36,15000000.0,1
Lotto 6/42,2026-08-04,1,26,42,15,34,19,19249103.08,0
Super Lotto 6/49,2026-08-04,11,20,12,36,44,26,25187181.56,1
Ultra Lotto 6/58,2026-08-04,35,14,7,13,46,55,182425805.15,0
Grand Lotto 6/55,2026-08-05,40,20,39,41,26,42,115231478.82,0
Mega Lotto 6/45,2026-08-05,2,11,29,31,28,6,15000000.0,0
Lotto 6/42,2026-08-06,1,16,39,2,42,14,22371987.33,0
Super Lotto 6/49,2026-08-06,30,49,5,13,36,39,25000000.0,0
Mega Lotto 6/45,2026-08-07,12,6,21,32,25,3,15000000.0,0
Ultra Lotto 6/58,2026-08-07,43,51,14,9,11,12,188654045.96,0
Grand Lotto 6/55,2026-08-08,55,24,52,12,36,10,119496437.97,0
Lotto 6/42,2026-08-08,2,28,26,30,27,40,25255016.45,0
Super Lotto 6/49,2026-08-09,18,24,32,47,8,40,25059230.87,0
Ultra Lotto 6/58,2026-08-09,10,40,11,20,34,9,194312640.43,0
Grand Lotto 6/55,2026-08-10,26,5,13,38,6,9,124014115.01,0
Mega Lotto 6/45,2026-08-10,39,27,37,19,23,5,15000000.0,0
Lotto 6/42,2026-08-11,36,15,1,6,7,13,28260769.44,0
Super Lotto 6/49,2026-08-11,18,45,40,5,13,23,25107811.3,0
Ultra Lotto 6/58,2026-08-11,43,6,39,41,53,57,199976621.54,0
Grand Lotto 6/55,2026-08-12,53,36,21,8,46,43,128414048.39,0
Mega Lotto 6/45,2026-08-12,25,37,11,26,2,22,15000000.0,0
Lotto 6/42,2026-08-13,20,21,14,41,6,12,31911511.47,1
Super Lotto 6/49,2026-08-13,3,39,38,23,26,14,25165541.16,0
Mega Lotto 6/45,2026-08-14,29,34,32,9,38,19,15000000.0,0
Ultra Lotto 6/58,2026-08-14,28,33,10,12,22,23,206672120.91,0
Grand Lotto 6/55,2026-08-15,31,13,26,22,39,47,133654580.6,0
Lotto 6/42,2026-08-15,12,8,15,26,28,37,10000000.0,0
Super Lotto 6/49,2026-08-16,49,15,6,26,30,12,25229356.15,0
Ultra Lotto 6/58,2026-08-16,30,37,17,47,2,9,213102641.85,0
Grand Lotto 6/55,2026-08-17,4,20,38,3,50,24,138142429.09,0
Mega Lotto 6/45,2026-08-17,41,1,43,30,10,33,16649127.4,0
Lotto 6/42,2026-08-18,20,16,42,39,35,9,10000000.0,0
Super Lotto 6/49,2026-08-18,18,16,12,32,6,24,25278389.75,0
Ultra Lotto 6/58,2026-08-18,43,44,19,36,12,1,218885620.58,0
Grand Lotto 6/55,2026-08-19,4,25,22,38,30,33,142959524.89,0
Mega Lotto 6/45,2026-08-19,19,40,32,1,26,43,19513135.07,0
Lotto 6/42,2026-08-20,25,6,11,10,27,39,10000000.0,0
Super Lotto 6/49,2026-08-20,33,12,13,8,1,47,25348447.93,0
Mega Lotto 6/45,2026-08-21,5,14,19,25,22,13,22588873.99,0
Ultra Lotto 6/58,2026-08-21,37,56,38,18,45,49,225889899.71,0
Grand Lotto 6/55,2026-08-22,50,27,4,16,20,11,148235880.53,0
Lotto 6/42,2026-08-22,34,41,19,16,28,8,11017815.46,0
Super Lotto 6/49,2026-08-23,47,20,36,43,7,6,25413563.73,1
Ultra Lotto 6/58,2026-08-23,43,34,29,5,41,33,232608532.87,0
Grand Lotto 6/55,2026-08-24,51,41,18,54,12,27,153067923.93,0
Mega Lotto 6/45,2026-08-24,40,44,8,36,12,32,25692398.58,0
Lotto 6/42,2026-08-25,7,13,24,17,1,16,13534656.82,0
Super Lotto 6/49,2026-08-25,17,47,20,42,40,9,25000000.0,0
Ultra Lotto 6/58,2026-08-25,57,36,34,49,17,43,238841677.07,0
Grand Lotto 6/55,2026-08-26,12,50,24,32,9,6,157870051.28,0
Mega Lotto 6/45,2026-08-26,17,2,27,23,7,43,28696002.78,0
Lotto 6/42,2026-08-27,39,35,26,18,4,13,16409911.57,0
Super Lotto 6/49,2026-08-27,33,15,3,42,11,30,25065085.71,0
Mega Lotto 6/45,2026-08-28,37,34,31,28,14,24,31690805.65,0
Ultra Lotto 6/58,2026-08-28,8,46,57,15,30,26,245509447.55,0
Grand Lotto 6/55,2026-08-29,23,35,49,41,52,20,162414269.9,0
Lotto 6/42,2026-08-29,22,39,6,14,42,4,19017348.18,0
Super Lotto 6/49,2026-08-30,15,14,5,17,9,47,25126923.9,0
Ultra Lotto 6/58,2026-08-30,8,1,35,55,53,16,252060911.64,0
Grand Lotto 6/55,2026-08-31,45,16,39,50,41,47,167342968.67,0
Mega Lotto 6/45,2026-08-31,32,6,23,25,18,21,34988306.2,0
Lotto 6/42,2026-09-01,17,24,8,33,37,1,21860837.27,0
Super Lotto 6/49,2026-09-01,45,22,41,8,36,2,25178383.87,0
Ultra Lotto 6/58,2026-09-01,32,25,23,22,1,41,258474543.62,0
Grand Lotto 6/55,2026-09-02,55,50,7,35,54,34,172283757.17,0
Mega Lotto 6/45,2026-09-02,34,22,25,2,5,29,38256169.24,0
Lotto 6/42,2026-09-03,13,14,39,30,28,32,25013742.59,0
Super Lotto 6/49,2026-09-03,15,45,13,18,8,2,25239749.17,0
Mega Lotto 6/45,2026-09-04,26,38,17,35,11,16,41598513.75,0
Ultra Lotto 6/58,2026-09-04,53,34,12,9,5,47,265466683.02,0
Grand Lotto 6/55,2026-09-05,22,44,4,54,47,1,177438115.66,0
Lotto 6/42,2026-09-05,29,35,37,24,3,36,28197852.66,0
